<ConfigConsole><xs:schema id="ConfigConsole" xmlns="" xmlns:xs="http://www.w3.org/2001/XMLSchema" xmlns:msdata="urn:schemas-microsoft-com:xml-msdata"><xs:element name="ConfigConsole" msdata:IsDataSet="true" msdata:UseCurrentLocale="true"><xs:complexType><xs:choice minOccurs="0" maxOccurs="unbounded"><xs:element name="Status"><xs:complexType><xs:sequence><xs:element name="StatusName" type="xs:string" /><xs:element name="StatusValue" type="xs:string" minOccurs="0" /></xs:sequence></xs:complexType></xs:element></xs:choice></xs:complexType><xs:unique name="Constraint1" msdata:PrimaryKey="true"><xs:selector xpath=".//Status" /><xs:field xpath="StatusName" /></xs:unique></xs:element></xs:schema><Status><StatusName>NeedsApplyChanges</StatusName><StatusValue>0</StatusValue></Status><Signature xmlns="http://www.w3.org/2000/09/xmldsig#"><SignedInfo><CanonicalizationMethod Algorithm="http://www.w3.org/TR/2001/REC-xml-c14n-20010315" /><SignatureMethod Algorithm="http://www.w3.org/2001/04/xmldsig-more#rsa-sha256" /><Reference URI=""><Transforms><Transform Algorithm="http://www.w3.org/2000/09/xmldsig#enveloped-signature" /></Transforms><DigestMethod Algorithm="http://www.w3.org/2001/04/xmlenc#sha256" /><DigestValue>KvFQhJwDihY1kK0HvwbrDMNee53M2/R6ULqlqEdlUxc=</DigestValue></Reference></SignedInfo><SignatureValue>OktRL7dnO4XuaRdK/Z4j3SXhIDcUgzScAUMva0RvGNUzLZIxma0LjoFMJH84oZCjSVsG9qTDkwW6p4wiGorQTDHHrOhKS7+wUL5rf37+L5nP+km41ymKMhOJ/Uyb0Bc5uq6O4G6UyhwzF+H4sLJhR69azrWyFGAYhejHAfE82gQ=</SignatureValue></Signature></ConfigConsole>