<?xml version="1.0" encoding="utf-8"?>
<metadata xmlns:xsd="http://www.w3.org/2001/XMLSchema" xmlns:xsi="http://www.w3.org/2001/XMLSchema-instance">
  <module id="Tenant" description="Default Tenant" tenantId="Tenant" major="1" minor="0" patch="1">
    <loadAfter moduleRefId="Core" major="25" minor="21" patch="0" />
    <loadAfter moduleRefId="RiskOrigins" major="25" minor="21" patch="0" />
    <loadAfter moduleRefId="Entity" major="25" minor="21" patch="0" />
    <loadAfter moduleRefId="FinancialAnalysis" major="25" minor="21" patch="0" />
    <loadAfter moduleRefId="Map" major="25" minor="21" patch="0" />
    <loadAfter moduleRefId="RiskGrading" major="25" minor="21" patch="0" />
    <loadAfter moduleRefId="DataMovement" major="25" minor="21" patch="0" />
    <loadAfter moduleRefId="MapPdModels" major="25" minor="21" patch="0" />
    <loadAfter moduleRefId="DealStructuring" major="25" minor="21" patch="0" />
    <loadAfter moduleRefId="DealStructuringAdvanced" major="25" minor="21" patch="0" />
    <loadAfter moduleRefId="GlobalCashFlow" major="25" minor="21" patch="0" />
    <loadAfter moduleRefId="CommercialRealEstate" major="25" minor="21" patch="0" />
    <loadAfter moduleRefId="MapLgdModels" major="25" minor="21" patch="0" />
    <loadAfter moduleRefId="Global" major="25" minor="21" patch="0" />
    <loadAfter moduleRefId="MapLgdModelsAdvanced" major="25" minor="21" patch="0" />
    <loadAfter moduleRefId="CommercialRealEstatePdRatings" major="25" minor="21" patch="0" />
    <loadAfter moduleRefId="Covenant" major="25" minor="21" patch="0" />
    <loadAfter moduleRefId="BiStarSchema" major="25" minor="21" patch="0" />
    <loadAfter moduleRefId="Reis" major="25" minor="21" patch="0" />
    <loadAfter moduleRefId="RiskReturn" major="25" minor="21" patch="0" />
    <loadAfter moduleRefId="Workflow" major="25" minor="21" patch="0" />
    <loadAfter moduleRefId="Apac" major="25" minor="21" patch="0" />
    <loadAfter moduleRefId="Benchmark" major="25" minor="21" patch="0" />
    <loadAfter moduleRefId="BusinessInsights" major="25" minor="21" patch="0" />
    <loadAfter moduleRefId="Bvd" major="25" minor="21" patch="0" />
    <loadAfter moduleRefId="ClimateEsgScorePredictor" major="25" minor="21" patch="0" />
    <loadAfter moduleRefId="CommercialRealEstateLgdModels" major="25" minor="21" patch="0" />
    <loadAfter moduleRefId="ConfigConsole" major="25" minor="21" patch="0" />
    <loadAfter moduleRefId="CreditPresentation" major="25" minor="21" patch="0" />
    <loadAfter moduleRefId="EdfX" major="25" minor="21" patch="0" />
    <loadAfter moduleRefId="EuropeAfrica" major="25" minor="21" patch="0" />
    <loadAfter moduleRefId="FirbAnalysis" major="25" minor="21" patch="0" />
    <loadAfter moduleRefId="Marq" major="25" minor="21" patch="0" />
    <loadAfter moduleRefId="MiddleEast" major="25" minor="21" patch="0" />
    <loadAfter moduleRefId="OfflineDataAnalysis" major="25" minor="21" patch="0" />
    <loadAfter moduleRefId="Raroc" major="25" minor="21" patch="0" />
    <loadAfter moduleRefId="RiskCalcLgd" major="25" minor="21" patch="0" />
    <loadAfter moduleRefId="Salesforce" major="25" minor="21" patch="0" />
    <loadAfter moduleRefId="SpreadingAutomation" major="25" minor="21" patch="0" />
    <loadAfter moduleRefId="TermSheet" major="25" minor="21" patch="0" />
    <loadAfter moduleRefId="MoodysFinal" major="1" minor="0" patch="0" />
    <probePath path="Config\metadata\Tenant\ra" />
  </module>
  <models>
    <model id="Rules" source="custom_rules" versionEnable="true" dataProvider="postgres" modelCategory="system" resourceModuleId="Core" standardConfig="true">
      <audit time="2016-09-14T19:07:51.630172Z" />
    </model>
    <model id="RuleExecution" source="custom_rule_execution" dataProvider="postgres" modelCategory="system" resourceModuleId="Core" standardConfig="true">
      <audit time="2016-09-14T19:07:52.9692616Z" />
    </model>
    <model id="Report" source="custom_report" versionEnable="true" dataProvider="postgres" modelCategory="system" resourceModuleId="Core" root="true" standardConfig="true">
      <audit time="2017-11-24T19:07:51.630172Z" />
    </model>
    <model id="Connector" source="custom_connector" versionEnable="true" dataProvider="postgres" modelCategory="system" resourceModuleId="Core" root="true" standardConfig="true">
      <audit time="2020-10-08T20:07:51.630172Z" />
    </model>
    <model id="Widget" source="custom_widget" versionEnable="true" dataProvider="postgres" modelCategory="system" resourceModuleId="Core" root="true" standardConfig="true">
      <audit time="2020-10-08T20:07:52.630172Z" />
    </model>
    <model id="DataExtractTableSetting" source="custom_lookup" dataProvider="postgres" modelCategory="ref" resourceModuleId="Core">
      <audit userId="admin" time="20180620T153854" />
    </model>
    <model id="FinancialCsvMMASMapping" source="custom_lookup" dataProvider="postgres" modelCategory="ref" resourceModuleId="FinancialAnalysis" standardConfig="true">
      <audit userId="admin" time="20200921T172428" />
    </model>
    <model id="EtlJob" source="custom_lookup" dataProvider="postgres" modelCategory="ref" resourceModuleId="DataMovement">
      <audit userId="admin" time="20210318T111228" />
    </model>
    <model id="DataFileImportMap" source="custom_lookup" dataProvider="postgres" modelCategory="ref" resourceModuleId="DataMovement" standardConfig="true">
      <audit userId="admin" time="20161124T064148" />
    </model>
    <model id="FinancialCsvMmasConstantMapping" source="custom_lookup" dataProvider="postgres" modelCategory="ref" resourceModuleId="FinancialAnalysis">
      <audit userId="admin" time="20200922T195611" />
    </model>
  </models>
  <references>
    <ref id="DataExtractTableSetting" modelRefId="DataExtractTableSetting" type="DATAEXTRACTTABLESETTING" localeSupport="false" shared="false" resourceModuleId="Core">
      <audit userId="leninms" time="20250606T152214" />
    </ref>
    <ref id="FinancialCsvMMASMapping" modelRefId="FinancialCsvMMASMapping" type="FINANCIALCSVMMASMAPPING" shared="false" resourceModuleId="FinancialAnalysis" isExternalDataSrc="true" dataSource="FinancialCsv" targetArtifactId="6">
      <audit userId="admin" time="20250611T163815" />
    </ref>
    <ref id="EtlJob" modelRefId="EtlJob" type="ETLJOB" shared="false" resourceModuleId="DataMovement">
      <audit userId="admin" time="20250611T171527" />
    </ref>
    <ref id="DataFileImportMap" modelRefId="DataFileImportMap" type="DATAFILEIMPORTMAP" resourceModuleId="DataMovement">
      <audit userId="admin" time="20250611T171853" />
    </ref>
    <ref id="FinancialCsvMmasConstantMapping" modelRefId="FinancialCsvMmasConstantMapping" type="FINANCIALCSVMMASCONSTANTMAPPING" shared="false" resourceModuleId="FinancialAnalysis">
      <audit userId="admin" time="20250611T175014" />
    </ref>
  </references>
</metadata>