[
  {
    "AdminProfileSettingId": "dd4e4bf1-067f-4c05-a570-e84ba4e9030e",
    "AdminAccess": true,
    "AdminSelectAll": true,
    "CreateEditFunctionalAccess": true,
    "CreateEditModelAccess": true,
    "DataFileUpload": true,
    "DeactivateCreateEditUser": true,
    "ExclusiveRecordAccess": null,
    "FunctionalProfileSettingId": "70d20584-3252-4b5b-a6ed-26756db666b7",
    "JobLogs": true,
    "PasswordSecurity": true,
    "RestrictedRecordAccess": null,
    "SchedulerPanel": true,
    "SearchViewUser": null,
    "SecurityState": true,
    "Settings": true,
    "UserAccessManagement": true,
    "UserManagement": true,
    "ViewSensitiveData": true,
    "ManageWebhooks": null,
    "Inapplicable_": [],
    "Associations_": [
      "AdminCreProfileSetting",
      "AdminRgProfileSetting",
      "AdminFaProfileSetting"
    ],
    "WFId_": "00000000-0000-0000-0000-000000000000",
    "TaskId_": "00000000-0000-0000-0000-000000000000",
    "VersionId_": 4,
    "BaseVersionId_": 3,
    "IsLatestVersion_": true,
    "IsDeleted_": false,
    "StatusId_": 1,
    "CreatedBy_": "admin",
    "CreatedDate_": "2025-04-09T09:04:21.952393Z",
    "UpdatedBy_": "admin",
    "UpdatedDate_": "2025-06-24T19:06:58.276178Z",
    "t_": "AdminProfileSetting",
    "ContextUserId_": "admin",
    "IsValid_": true,
    "IsVisible_": true,
    "SnapshotId_": 0
  },
  {
    "AdminProfileSettingId": "ff9cb675-13ab-45eb-9d34-2e42375db3c8",
    "AdminAccess": null,
    "AdminSelectAll": null,
    "CreateEditFunctionalAccess": true,
    "CreateEditModelAccess": true,
    "DataFileUpload": true,
    "DeactivateCreateEditUser": true,
    "ExclusiveRecordAccess": true,
    "FunctionalProfileSettingId": "92cf7b91-69ea-4cac-81cf-1fc5e578cfcd",
    "JobLogs": true,
    "PasswordSecurity": true,
    "RestrictedRecordAccess": true,
    "SchedulerPanel": true,
    "SearchViewUser": true,
    "SecurityState": true,
    "Settings": true,
    "UserAccessManagement": null,
    "UserManagement": null,
    "ViewSensitiveData": true,
    "ManageWebhooks": false,
    "Inapplicable_": [],
    "Associations_": [
      "AdminCreProfileSetting",
      "AdminRgProfileSetting",
      "AdminFaProfileSetting"
    ],
    "WFId_": "00000000-0000-0000-0000-000000000000",
    "TaskId_": "00000000-0000-0000-0000-000000000000",
    "VersionId_": 2,
    "BaseVersionId_": 1,
    "IsLatestVersion_": true,
    "IsDeleted_": false,
    "StatusId_": 1,
    "CreatedBy_": "admin",
    "CreatedDate_": "2025-07-04T22:12:23.237305Z",
    "UpdatedBy_": "admin",
    "UpdatedDate_": "2025-07-04T22:19:04.472105Z",
    "t_": "AdminProfileSetting",
    "ContextUserId_": "admin",
    "IsValid_": true,
    "IsVisible_": true,
    "SnapshotId_": 0
  },
  {
    "AdminProfileSettingId": "ce4635ad-d603-4f91-95af-a1ba5b2aa4d5",
    "AdminAccess": null,
    "AdminSelectAll": null,
    "CreateEditFunctionalAccess": null,
    "CreateEditModelAccess": null,
    "DataFileUpload": null,
    "DeactivateCreateEditUser": true,
    "ExclusiveRecordAccess": null,
    "FunctionalProfileSettingId": "15fc8d3e-0dde-4a3c-b9ea-2ebae498c3b3",
    "JobLogs": null,
    "PasswordSecurity": null,
    "RestrictedRecordAccess": null,
    "SchedulerPanel": null,
    "SearchViewUser": true,
    "SecurityState": null,
    "Settings": null,
    "UserAccessManagement": null,
    "UserManagement": null,
    "ViewSensitiveData": null,
    "ManageWebhooks": null,
    "Inapplicable_": [],
    "Associations_": [
      "AdminCreProfileSetting",
      "AdminRgProfileSetting",
      "AdminFaProfileSetting"
    ],
    "WFId_": "00000000-0000-0000-0000-000000000000",
    "TaskId_": "00000000-0000-0000-0000-000000000000",
    "VersionId_": 1,
    "BaseVersionId_": 0,
    "IsLatestVersion_": true,
    "IsDeleted_": false,
    "StatusId_": 1,
    "CreatedBy_": "admin",
    "CreatedDate_": "2025-07-04T22:36:33.314722Z",
    "UpdatedBy_": null,
    "UpdatedDate_": null,
    "t_": "AdminProfileSetting",
    "ContextUserId_": "admin",
    "IsValid_": true,
    "IsVisible_": true,
    "SnapshotId_": 0
  },
  {
    "AdminProfileSettingId": "c71bf421-4d38-47d0-9d9b-03e8f3d19373",
    "AdminAccess": null,
    "AdminSelectAll": null,
    "CreateEditFunctionalAccess": null,
    "CreateEditModelAccess": null,
    "DataFileUpload": true,
    "DeactivateCreateEditUser": null,
    "ExclusiveRecordAccess": null,
    "FunctionalProfileSettingId": "4b5f7e4e-9b7c-488b-baea-0fcc850449a5",
    "JobLogs": true,
    "PasswordSecurity": null,
    "RestrictedRecordAccess": null,
    "SchedulerPanel": true,
    "SearchViewUser": null,
    "SecurityState": null,
    "Settings": null,
    "UserAccessManagement": null,
    "UserManagement": null,
    "ViewSensitiveData": null,
    "ManageWebhooks": null,
    "Inapplicable_": [],
    "Associations_": [
      "AdminCreProfileSetting",
      "AdminRgProfileSetting",
      "AdminFaProfileSetting"
    ],
    "WFId_": "00000000-0000-0000-0000-000000000000",
    "TaskId_": "00000000-0000-0000-0000-000000000000",
    "VersionId_": 1,
    "BaseVersionId_": 0,
    "IsLatestVersion_": true,
    "IsDeleted_": false,
    "StatusId_": 1,
    "CreatedBy_": "admin",
    "CreatedDate_": "2025-07-04T22:56:01.986277Z",
    "UpdatedBy_": null,
    "UpdatedDate_": null,
    "t_": "AdminProfileSetting",
    "ContextUserId_": "admin",
    "IsValid_": true,
    "IsVisible_": true,
    "SnapshotId_": 0
  },
  {
    "AdminProfileSettingId": "6383802f-7694-46a0-978d-c7500efd1cfc",
    "AdminAccess": null,
    "AdminSelectAll": null,
    "CreateEditFunctionalAccess": null,
    "CreateEditModelAccess": null,
    "DataFileUpload": true,
    "DeactivateCreateEditUser": null,
    "ExclusiveRecordAccess": null,
    "FunctionalProfileSettingId": "efd73b01-b18a-4c7e-8d21-9e1f468fcd23",
    "JobLogs": true,
    "PasswordSecurity": null,
    "RestrictedRecordAccess": null,
    "SchedulerPanel": true,
    "SearchViewUser": null,
    "SecurityState": null,
    "Settings": null,
    "UserAccessManagement": null,
    "UserManagement": null,
    "ViewSensitiveData": null,
    "ManageWebhooks": null,
    "Inapplicable_": [],
    "Associations_": [
      "AdminCreProfileSetting",
      "AdminRgProfileSetting",
      "AdminFaProfileSetting"
    ],
    "WFId_": "00000000-0000-0000-0000-000000000000",
    "TaskId_": "00000000-0000-0000-0000-000000000000",
    "VersionId_": 1,
    "BaseVersionId_": 0,
    "IsLatestVersion_": true,
    "IsDeleted_": false,
    "StatusId_": 1,
    "CreatedBy_": "admin",
    "CreatedDate_": "2025-07-07T14:26:01.244113Z",
    "UpdatedBy_": null,
    "UpdatedDate_": null,
    "t_": "AdminProfileSetting",
    "ContextUserId_": "admin",
    "IsValid_": true,
    "IsVisible_": true,
    "SnapshotId_": 0
  },
  {
    "AdminProfileSettingId": "ec0d2aca-421b-44dc-83a8-66a19011a32c",
    "AdminAccess": null,
    "AdminSelectAll": null,
    "CreateEditFunctionalAccess": null,
    "CreateEditModelAccess": null,
    "DataFileUpload": true,
    "DeactivateCreateEditUser": true,
    "ExclusiveRecordAccess": null,
    "FunctionalProfileSettingId": "f86db2a4-9718-404a-a334-bb06d359d7dc",
    "JobLogs": true,
    "PasswordSecurity": null,
    "RestrictedRecordAccess": null,
    "SchedulerPanel": true,
    "SearchViewUser": true,
    "SecurityState": null,
    "Settings": true,
    "UserAccessManagement": null,
    "UserManagement": null,
    "ViewSensitiveData": null,
    "ManageWebhooks": null,
    "Inapplicable_": [],
    "Associations_": [
      "AdminCreProfileSetting",
      "AdminRgProfileSetting",
      "AdminFaProfileSetting"
    ],
    "WFId_": "00000000-0000-0000-0000-000000000000",
    "TaskId_": "00000000-0000-0000-0000-000000000000",
    "VersionId_": 1,
    "BaseVersionId_": 0,
    "IsLatestVersion_": true,
    "IsDeleted_": false,
    "StatusId_": 1,
    "CreatedBy_": "admin",
    "CreatedDate_": "2025-07-07T15:17:34.113986Z",
    "UpdatedBy_": null,
    "UpdatedDate_": null,
    "t_": "AdminProfileSetting",
    "ContextUserId_": "admin",
    "IsValid_": true,
    "IsVisible_": true,
    "SnapshotId_": 0
  },
  {
    "AdminProfileSettingId": "986e03f9-ec5e-46e4-9904-2cb58b907030",
    "AdminAccess": null,
    "AdminSelectAll": null,
    "CreateEditFunctionalAccess": null,
    "CreateEditModelAccess": null,
    "DataFileUpload": null,
    "DeactivateCreateEditUser": null,
    "ExclusiveRecordAccess": null,
    "FunctionalProfileSettingId": "6e92bbb0-b8c2-4e0a-8fdd-ecddb1bd65cc",
    "JobLogs": null,
    "PasswordSecurity": null,
    "RestrictedRecordAccess": null,
    "SchedulerPanel": null,
    "SearchViewUser": null,
    "SecurityState": null,
    "Settings": null,
    "UserAccessManagement": null,
    "UserManagement": null,
    "ViewSensitiveData": null,
    "ManageWebhooks": null,
    "Inapplicable_": [],
    "Associations_": [
      "AdminCreProfileSetting",
      "AdminRgProfileSetting",
      "AdminFaProfileSetting"
    ],
    "WFId_": "00000000-0000-0000-0000-000000000000",
    "TaskId_": "00000000-0000-0000-0000-000000000000",
    "VersionId_": 1,
    "BaseVersionId_": 0,
    "IsLatestVersion_": true,
    "IsDeleted_": false,
    "StatusId_": 1,
    "CreatedBy_": "admin",
    "CreatedDate_": "2025-07-07T15:27:44.620323Z",
    "UpdatedBy_": null,
    "UpdatedDate_": null,
    "t_": "AdminProfileSetting",
    "ContextUserId_": "admin",
    "IsValid_": true,
    "IsVisible_": true,
    "SnapshotId_": 0
  },
  {
    "AdminProfileSettingId": "5cc884f5-2fb0-477f-87eb-c1ded894fde8",
    "AdminAccess": null,
    "AdminSelectAll": null,
    "CreateEditFunctionalAccess": true,
    "CreateEditModelAccess": true,
    "DataFileUpload": true,
    "DeactivateCreateEditUser": true,
    "ExclusiveRecordAccess": true,
    "FunctionalProfileSettingId": "a73aa2c4-99be-45d4-a93f-05ebb2147d85",
    "JobLogs": true,
    "PasswordSecurity": true,
    "RestrictedRecordAccess": true,
    "SchedulerPanel": true,
    "SearchViewUser": true,
    "SecurityState": true,
    "Settings": true,
    "UserAccessManagement": null,
    "UserManagement": null,
    "ViewSensitiveData": true,
    "ManageWebhooks": false,
    "Inapplicable_": [],
    "Associations_": [
      "AdminCreProfileSetting",
      "AdminRgProfileSetting",
      "AdminFaProfileSetting"
    ],
    "WFId_": "00000000-0000-0000-0000-000000000000",
    "TaskId_": "00000000-0000-0000-0000-000000000000",
    "VersionId_": 2,
    "BaseVersionId_": 1,
    "IsLatestVersion_": true,
    "IsDeleted_": false,
    "StatusId_": 1,
    "CreatedBy_": "admin",
    "CreatedDate_": "2025-07-04T22:03:44.661999Z",
    "UpdatedBy_": "admin",
    "UpdatedDate_": "2025-07-07T16:41:58.756814Z",
    "t_": "AdminProfileSetting",
    "ContextUserId_": "admin",
    "IsValid_": true,
    "IsVisible_": true,
    "SnapshotId_": 0
  }
]