[
  {
    "AdminFaProfileSettingId": "69ed0798-db97-4abd-bddf-e1e4443e746a",
    "AdminProfileSettingId": "ff9cb675-13ab-45eb-9d34-2e42375db3c8",
    "BatchFinancialAnalysis": true,
    "ManageGlobalDivisions": true,
    "ManageModelAddins": true,
    "ManageRequiredFields": true,
    "ManageRollingStmtCreateSetting": true,
    "ModifyCurrencySettings": true,
    "ModifyHiddenStmtBehavior": true,
    "ModifyOrganizationMacros": true,
    "OrganizationInfo": true,
    "ReportSettings": true,
    "GcfSettings": true,
    "Inapplicable_": [],
    "WFId_": "00000000-0000-0000-0000-000000000000",
    "TaskId_": "00000000-0000-0000-0000-000000000000",
    "VersionId_": 2,
    "BaseVersionId_": 1,
    "IsLatestVersion_": true,
    "IsDeleted_": false,
    "StatusId_": 1,
    "CreatedBy_": "admin",
    "CreatedDate_": "2025-07-04T22:12:23.290045Z",
    "UpdatedBy_": "admin",
    "UpdatedDate_": "2025-07-04T22:19:04.537633Z",
    "t_": "AdminFaProfileSetting",
    "ContextUserId_": "admin",
    "IsValid_": true,
    "IsVisible_": true,
    "SnapshotId_": 0
  },
  {
    "AdminFaProfileSettingId": "9b0ff841-f052-4658-9715-5e3e4ca21f80",
    "AdminProfileSettingId": "dd4e4bf1-067f-4c05-a570-e84ba4e9030e",
    "BatchFinancialAnalysis": true,
    "ManageGlobalDivisions": true,
    "ManageModelAddins": true,
    "ManageRequiredFields": true,
    "ManageRollingStmtCreateSetting": true,
    "ModifyCurrencySettings": true,
    "ModifyHiddenStmtBehavior": true,
    "ModifyOrganizationMacros": true,
    "OrganizationInfo": true,
    "ReportSettings": true,
    "GcfSettings": true,
    "Inapplicable_": [],
    "WFId_": "00000000-0000-0000-0000-000000000000",
    "TaskId_": "00000000-0000-0000-0000-000000000000",
    "VersionId_": 4,
    "BaseVersionId_": 3,
    "IsLatestVersion_": true,
    "IsDeleted_": false,
    "StatusId_": 1,
    "CreatedBy_": "admin",
    "CreatedDate_": "2025-04-09T09:04:21.952393Z",
    "UpdatedBy_": "admin",
    "UpdatedDate_": "2025-06-24T19:06:58.400652Z",
    "t_": "AdminFaProfileSetting",
    "ContextUserId_": "admin",
    "IsValid_": true,
    "IsVisible_": true,
    "SnapshotId_": 0
  },
  {
    "AdminFaProfileSettingId": "71c3ace0-8207-4b77-8be0-4d5ef7712a5b",
    "AdminProfileSettingId": "ce4635ad-d603-4f91-95af-a1ba5b2aa4d5",
    "BatchFinancialAnalysis": null,
    "ManageGlobalDivisions": null,
    "ManageModelAddins": null,
    "ManageRequiredFields": null,
    "ManageRollingStmtCreateSetting": null,
    "ModifyCurrencySettings": null,
    "ModifyHiddenStmtBehavior": null,
    "ModifyOrganizationMacros": null,
    "OrganizationInfo": null,
    "ReportSettings": null,
    "GcfSettings": null,
    "Inapplicable_": [],
    "WFId_": "00000000-0000-0000-0000-000000000000",
    "TaskId_": "00000000-0000-0000-0000-000000000000",
    "VersionId_": 1,
    "BaseVersionId_": 0,
    "IsLatestVersion_": true,
    "IsDeleted_": false,
    "StatusId_": 1,
    "CreatedBy_": "admin",
    "CreatedDate_": "2025-07-04T22:36:33.363531Z",
    "UpdatedBy_": null,
    "UpdatedDate_": null,
    "t_": "AdminFaProfileSetting",
    "ContextUserId_": "admin",
    "IsValid_": true,
    "IsVisible_": true,
    "SnapshotId_": 0
  },
  {
    "AdminFaProfileSettingId": "17569a71-9687-446e-8d98-7af7a78c82b7",
    "AdminProfileSettingId": "c71bf421-4d38-47d0-9d9b-03e8f3d19373",
    "BatchFinancialAnalysis": null,
    "ManageGlobalDivisions": true,
    "ManageModelAddins": true,
    "ManageRequiredFields": true,
    "ManageRollingStmtCreateSetting": true,
    "ModifyCurrencySettings": true,
    "ModifyHiddenStmtBehavior": true,
    "ModifyOrganizationMacros": true,
    "OrganizationInfo": null,
    "ReportSettings": true,
    "GcfSettings": true,
    "Inapplicable_": [],
    "WFId_": "00000000-0000-0000-0000-000000000000",
    "TaskId_": "00000000-0000-0000-0000-000000000000",
    "VersionId_": 1,
    "BaseVersionId_": 0,
    "IsLatestVersion_": true,
    "IsDeleted_": false,
    "StatusId_": 1,
    "CreatedBy_": "admin",
    "CreatedDate_": "2025-07-04T22:56:02.017531Z",
    "UpdatedBy_": null,
    "UpdatedDate_": null,
    "t_": "AdminFaProfileSetting",
    "ContextUserId_": "admin",
    "IsValid_": true,
    "IsVisible_": true,
    "SnapshotId_": 0
  },
  {
    "AdminFaProfileSettingId": "6a1e21b0-e13c-4354-b547-a2aa0e27b55f",
    "AdminProfileSettingId": "6383802f-7694-46a0-978d-c7500efd1cfc",
    "BatchFinancialAnalysis": null,
    "ManageGlobalDivisions": true,
    "ManageModelAddins": true,
    "ManageRequiredFields": true,
    "ManageRollingStmtCreateSetting": true,
    "ModifyCurrencySettings": true,
    "ModifyHiddenStmtBehavior": true,
    "ModifyOrganizationMacros": true,
    "OrganizationInfo": null,
    "ReportSettings": true,
    "GcfSettings": true,
    "Inapplicable_": [],
    "WFId_": "00000000-0000-0000-0000-000000000000",
    "TaskId_": "00000000-0000-0000-0000-000000000000",
    "VersionId_": 1,
    "BaseVersionId_": 0,
    "IsLatestVersion_": true,
    "IsDeleted_": false,
    "StatusId_": 1,
    "CreatedBy_": "admin",
    "CreatedDate_": "2025-07-07T14:26:01.277898Z",
    "UpdatedBy_": null,
    "UpdatedDate_": null,
    "t_": "AdminFaProfileSetting",
    "ContextUserId_": "admin",
    "IsValid_": true,
    "IsVisible_": true,
    "SnapshotId_": 0
  },
  {
    "AdminFaProfileSettingId": "a96320f0-4298-46a6-a660-3920edc9d492",
    "AdminProfileSettingId": "ec0d2aca-421b-44dc-83a8-66a19011a32c",
    "BatchFinancialAnalysis": true,
    "ManageGlobalDivisions": true,
    "ManageModelAddins": true,
    "ManageRequiredFields": true,
    "ManageRollingStmtCreateSetting": true,
    "ModifyCurrencySettings": true,
    "ModifyHiddenStmtBehavior": true,
    "ModifyOrganizationMacros": true,
    "OrganizationInfo": true,
    "ReportSettings": true,
    "GcfSettings": true,
    "Inapplicable_": [],
    "WFId_": "00000000-0000-0000-0000-000000000000",
    "TaskId_": "00000000-0000-0000-0000-000000000000",
    "VersionId_": 1,
    "BaseVersionId_": 0,
    "IsLatestVersion_": true,
    "IsDeleted_": false,
    "StatusId_": 1,
    "CreatedBy_": "admin",
    "CreatedDate_": "2025-07-07T15:17:34.157058Z",
    "UpdatedBy_": null,
    "UpdatedDate_": null,
    "t_": "AdminFaProfileSetting",
    "ContextUserId_": "admin",
    "IsValid_": true,
    "IsVisible_": true,
    "SnapshotId_": 0
  },
  {
    "AdminFaProfileSettingId": "521a5ced-2712-4022-8f0f-02b29f5a8e29",
    "AdminProfileSettingId": "986e03f9-ec5e-46e4-9904-2cb58b907030",
    "BatchFinancialAnalysis": null,
    "ManageGlobalDivisions": null,
    "ManageModelAddins": null,
    "ManageRequiredFields": null,
    "ManageRollingStmtCreateSetting": null,
    "ModifyCurrencySettings": null,
    "ModifyHiddenStmtBehavior": null,
    "ModifyOrganizationMacros": null,
    "OrganizationInfo": null,
    "ReportSettings": null,
    "GcfSettings": null,
    "Inapplicable_": [],
    "WFId_": "00000000-0000-0000-0000-000000000000",
    "TaskId_": "00000000-0000-0000-0000-000000000000",
    "VersionId_": 1,
    "BaseVersionId_": 0,
    "IsLatestVersion_": true,
    "IsDeleted_": false,
    "StatusId_": 1,
    "CreatedBy_": "admin",
    "CreatedDate_": "2025-07-07T15:27:44.674302Z",
    "UpdatedBy_": null,
    "UpdatedDate_": null,
    "t_": "AdminFaProfileSetting",
    "ContextUserId_": "admin",
    "IsValid_": true,
    "IsVisible_": true,
    "SnapshotId_": 0
  },
  {
    "AdminFaProfileSettingId": "bb1404e1-f77e-48c9-be3d-0e16377cac37",
    "AdminProfileSettingId": "5cc884f5-2fb0-477f-87eb-c1ded894fde8",
    "BatchFinancialAnalysis": true,
    "ManageGlobalDivisions": true,
    "ManageModelAddins": true,
    "ManageRequiredFields": true,
    "ManageRollingStmtCreateSetting": true,
    "ModifyCurrencySettings": true,
    "ModifyHiddenStmtBehavior": true,
    "ModifyOrganizationMacros": true,
    "OrganizationInfo": true,
    "ReportSettings": true,
    "GcfSettings": true,
    "Inapplicable_": [],
    "WFId_": "00000000-0000-0000-0000-000000000000",
    "TaskId_": "00000000-0000-0000-0000-000000000000",
    "VersionId_": 2,
    "BaseVersionId_": 1,
    "IsLatestVersion_": true,
    "IsDeleted_": false,
    "StatusId_": 1,
    "CreatedBy_": "admin",
    "CreatedDate_": "2025-07-04T22:03:44.737174Z",
    "UpdatedBy_": "admin",
    "UpdatedDate_": "2025-07-07T16:41:58.821946Z",
    "t_": "AdminFaProfileSetting",
    "ContextUserId_": "admin",
    "IsValid_": true,
    "IsVisible_": true,
    "SnapshotId_": 0
  }
]