[
  {
    "AdminRgProfileSettingId": "1a07414a-2bdb-4a24-b653-55cd5f646767",
    "AdminProfileSettingId": "ff9cb675-13ab-45eb-9d34-2e42375db3c8",
    "BatchModelAssignment": true,
    "BatchRating": true,
    "EditPeerAnalysisServiceInfo": true,
    "EditRiskCalcLoginInfo": true,
    "ManageRiskCalcModels": true,
    "RiskCalcModelAssign": true,
    "RiskGradingSystemSettings": true,
    "ClimateRiskSystemSettings": null,
    "CreditBureauSettings": true,
    "CreditBureauActivityLog": true,
    "ShowCeTabs": true,
    "Inapplicable_": [],
    "WFId_": "00000000-0000-0000-0000-000000000000",
    "TaskId_": "00000000-0000-0000-0000-000000000000",
    "VersionId_": 2,
    "BaseVersionId_": 1,
    "IsLatestVersion_": true,
    "IsDeleted_": false,
    "StatusId_": 1,
    "CreatedBy_": "admin",
    "CreatedDate_": "2025-07-04T22:12:23.263468Z",
    "UpdatedBy_": "admin",
    "UpdatedDate_": "2025-07-04T22:19:04.503357Z",
    "t_": "AdminRgProfileSetting",
    "ContextUserId_": "admin",
    "IsValid_": true,
    "IsVisible_": true,
    "SnapshotId_": 0
  },
  {
    "AdminRgProfileSettingId": "a7d8638e-e7c6-45aa-934b-68dff699b6b8",
    "AdminProfileSettingId": "dd4e4bf1-067f-4c05-a570-e84ba4e9030e",
    "BatchModelAssignment": true,
    "BatchRating": true,
    "EditPeerAnalysisServiceInfo": true,
    "EditRiskCalcLoginInfo": true,
    "ManageRiskCalcModels": true,
    "RiskCalcModelAssign": true,
    "RiskGradingSystemSettings": true,
    "ClimateRiskSystemSettings": null,
    "CreditBureauSettings": true,
    "CreditBureauActivityLog": true,
    "ShowCeTabs": true,
    "Inapplicable_": [],
    "WFId_": "00000000-0000-0000-0000-000000000000",
    "TaskId_": "00000000-0000-0000-0000-000000000000",
    "VersionId_": 4,
    "BaseVersionId_": 3,
    "IsLatestVersion_": true,
    "IsDeleted_": false,
    "StatusId_": 1,
    "CreatedBy_": "admin",
    "CreatedDate_": "2025-04-09T09:04:21.952393Z",
    "UpdatedBy_": "admin",
    "UpdatedDate_": "2025-06-24T19:06:58.360715Z",
    "t_": "AdminRgProfileSetting",
    "ContextUserId_": "admin",
    "IsValid_": true,
    "IsVisible_": true,
    "SnapshotId_": 0
  },
  {
    "AdminRgProfileSettingId": "b6947510-5a36-4141-b9b4-f092406e3455",
    "AdminProfileSettingId": "ce4635ad-d603-4f91-95af-a1ba5b2aa4d5",
    "BatchModelAssignment": null,
    "BatchRating": null,
    "EditPeerAnalysisServiceInfo": null,
    "EditRiskCalcLoginInfo": null,
    "ManageRiskCalcModels": null,
    "RiskCalcModelAssign": null,
    "RiskGradingSystemSettings": null,
    "ClimateRiskSystemSettings": null,
    "CreditBureauSettings": null,
    "CreditBureauActivityLog": null,
    "ShowCeTabs": null,
    "Inapplicable_": [],
    "WFId_": "00000000-0000-0000-0000-000000000000",
    "TaskId_": "00000000-0000-0000-0000-000000000000",
    "VersionId_": 1,
    "BaseVersionId_": 0,
    "IsLatestVersion_": true,
    "IsDeleted_": false,
    "StatusId_": 1,
    "CreatedBy_": "admin",
    "CreatedDate_": "2025-07-04T22:36:33.338111Z",
    "UpdatedBy_": null,
    "UpdatedDate_": null,
    "t_": "AdminRgProfileSetting",
    "ContextUserId_": "admin",
    "IsValid_": true,
    "IsVisible_": true,
    "SnapshotId_": 0
  },
  {
    "AdminRgProfileSettingId": "c58e0a8d-85c9-4b30-ad9f-01934cde76dc",
    "AdminProfileSettingId": "c71bf421-4d38-47d0-9d9b-03e8f3d19373",
    "BatchModelAssignment": null,
    "BatchRating": null,
    "EditPeerAnalysisServiceInfo": null,
    "EditRiskCalcLoginInfo": null,
    "ManageRiskCalcModels": null,
    "RiskCalcModelAssign": null,
    "RiskGradingSystemSettings": null,
    "ClimateRiskSystemSettings": null,
    "CreditBureauSettings": null,
    "CreditBureauActivityLog": null,
    "ShowCeTabs": true,
    "Inapplicable_": [],
    "WFId_": "00000000-0000-0000-0000-000000000000",
    "TaskId_": "00000000-0000-0000-0000-000000000000",
    "VersionId_": 1,
    "BaseVersionId_": 0,
    "IsLatestVersion_": true,
    "IsDeleted_": false,
    "StatusId_": 1,
    "CreatedBy_": "admin",
    "CreatedDate_": "2025-07-04T22:56:02.001898Z",
    "UpdatedBy_": null,
    "UpdatedDate_": null,
    "t_": "AdminRgProfileSetting",
    "ContextUserId_": "admin",
    "IsValid_": true,
    "IsVisible_": true,
    "SnapshotId_": 0
  },
  {
    "AdminRgProfileSettingId": "adf1f941-f725-43a8-9f60-1a85ae10bf03",
    "AdminProfileSettingId": "6383802f-7694-46a0-978d-c7500efd1cfc",
    "BatchModelAssignment": null,
    "BatchRating": null,
    "EditPeerAnalysisServiceInfo": true,
    "EditRiskCalcLoginInfo": null,
    "ManageRiskCalcModels": true,
    "RiskCalcModelAssign": true,
    "RiskGradingSystemSettings": true,
    "ClimateRiskSystemSettings": null,
    "CreditBureauSettings": null,
    "CreditBureauActivityLog": null,
    "ShowCeTabs": true,
    "Inapplicable_": [],
    "WFId_": "00000000-0000-0000-0000-000000000000",
    "TaskId_": "00000000-0000-0000-0000-000000000000",
    "VersionId_": 1,
    "BaseVersionId_": 0,
    "IsLatestVersion_": true,
    "IsDeleted_": false,
    "StatusId_": 1,
    "CreatedBy_": "admin",
    "CreatedDate_": "2025-07-07T14:26:01.27102Z",
    "UpdatedBy_": null,
    "UpdatedDate_": null,
    "t_": "AdminRgProfileSetting",
    "ContextUserId_": "admin",
    "IsValid_": true,
    "IsVisible_": true,
    "SnapshotId_": 0
  },
  {
    "AdminRgProfileSettingId": "ec467701-0f52-4aad-893a-3bc08ea5688a",
    "AdminProfileSettingId": "ec0d2aca-421b-44dc-83a8-66a19011a32c",
    "BatchModelAssignment": true,
    "BatchRating": true,
    "EditPeerAnalysisServiceInfo": true,
    "EditRiskCalcLoginInfo": true,
    "ManageRiskCalcModels": true,
    "RiskCalcModelAssign": true,
    "RiskGradingSystemSettings": true,
    "ClimateRiskSystemSettings": null,
    "CreditBureauSettings": true,
    "CreditBureauActivityLog": true,
    "ShowCeTabs": true,
    "Inapplicable_": [],
    "WFId_": "00000000-0000-0000-0000-000000000000",
    "TaskId_": "00000000-0000-0000-0000-000000000000",
    "VersionId_": 1,
    "BaseVersionId_": 0,
    "IsLatestVersion_": true,
    "IsDeleted_": false,
    "StatusId_": 1,
    "CreatedBy_": "admin",
    "CreatedDate_": "2025-07-07T15:17:34.138858Z",
    "UpdatedBy_": null,
    "UpdatedDate_": null,
    "t_": "AdminRgProfileSetting",
    "ContextUserId_": "admin",
    "IsValid_": true,
    "IsVisible_": true,
    "SnapshotId_": 0
  },
  {
    "AdminRgProfileSettingId": "475f5b22-3ac7-43dc-a0d9-9ec9533822b1",
    "AdminProfileSettingId": "986e03f9-ec5e-46e4-9904-2cb58b907030",
    "BatchModelAssignment": null,
    "BatchRating": null,
    "EditPeerAnalysisServiceInfo": null,
    "EditRiskCalcLoginInfo": null,
    "ManageRiskCalcModels": null,
    "RiskCalcModelAssign": null,
    "RiskGradingSystemSettings": null,
    "ClimateRiskSystemSettings": null,
    "CreditBureauSettings": null,
    "CreditBureauActivityLog": null,
    "ShowCeTabs": null,
    "Inapplicable_": [],
    "WFId_": "00000000-0000-0000-0000-000000000000",
    "TaskId_": "00000000-0000-0000-0000-000000000000",
    "VersionId_": 1,
    "BaseVersionId_": 0,
    "IsLatestVersion_": true,
    "IsDeleted_": false,
    "StatusId_": 1,
    "CreatedBy_": "admin",
    "CreatedDate_": "2025-07-07T15:27:44.636595Z",
    "UpdatedBy_": null,
    "UpdatedDate_": null,
    "t_": "AdminRgProfileSetting",
    "ContextUserId_": "admin",
    "IsValid_": true,
    "IsVisible_": true,
    "SnapshotId_": 0
  },
  {
    "AdminRgProfileSettingId": "da3e4471-66fe-44a9-98a5-2afcd9320961",
    "AdminProfileSettingId": "5cc884f5-2fb0-477f-87eb-c1ded894fde8",
    "BatchModelAssignment": true,
    "BatchRating": true,
    "EditPeerAnalysisServiceInfo": true,
    "EditRiskCalcLoginInfo": true,
    "ManageRiskCalcModels": true,
    "RiskCalcModelAssign": true,
    "RiskGradingSystemSettings": true,
    "ClimateRiskSystemSettings": null,
    "CreditBureauSettings": true,
    "CreditBureauActivityLog": true,
    "ShowCeTabs": true,
    "Inapplicable_": [],
    "WFId_": "00000000-0000-0000-0000-000000000000",
    "TaskId_": "00000000-0000-0000-0000-000000000000",
    "VersionId_": 2,
    "BaseVersionId_": 1,
    "IsLatestVersion_": true,
    "IsDeleted_": false,
    "StatusId_": 1,
    "CreatedBy_": "admin",
    "CreatedDate_": "2025-07-04T22:03:44.69402Z",
    "UpdatedBy_": "admin",
    "UpdatedDate_": "2025-07-07T16:41:58.794837Z",
    "t_": "AdminRgProfileSetting",
    "ContextUserId_": "admin",
    "IsValid_": true,
    "IsVisible_": true,
    "SnapshotId_": 0
  }
]