[
  {
    "ConfigProfileSettingId": "3697875a-fd02-43db-b2ae-d69b4feff87a",
    "BusinessProcessAccess": null,
    "BusinessRulesAccess": null,
    "ConfigurationAccess": null,
    "ConfigurationSelectAll": null,
    "DesignModeAccess": null,
    "DocumentGenerationAccess": true,
    "DomainAccess": null,
    "FunctionalProfileSettingId": "92cf7b91-69ea-4cac-81cf-1fc5e578cfcd",
    "MenusAccess": null,
    "MessageTemplatesAccess": true,
    "ModelsAccess": null,
    "ModulesAccess": true,
    "OpenApiAccess": null,
    "ProcessAccess": null,
    "ReferenceDataAccess": true,
    "ResourcesAccess": true,
    "TasksAccess": null,
    "TenantsAccess": null,
    "UserInterfaceAccess": null,
    "ViewModelsAccess": null,
    "WizardsAccess": null,
    "ConfigConsoleAccess": null,
    "ConnectAccess": true,
    "Inapplicable_": [],
    "WFId_": "00000000-0000-0000-0000-000000000000",
    "TaskId_": "00000000-0000-0000-0000-000000000000",
    "VersionId_": 2,
    "BaseVersionId_": 1,
    "IsLatestVersion_": true,
    "IsDeleted_": false,
    "StatusId_": 1,
    "CreatedBy_": "admin",
    "CreatedDate_": "2025-07-04T22:12:23.213414Z",
    "UpdatedBy_": "admin",
    "UpdatedDate_": "2025-07-04T22:19:04.425233Z",
    "t_": "ConfigProfileSetting",
    "ContextUserId_": "admin",
    "IsValid_": true,
    "IsVisible_": true,
    "SnapshotId_": 0
  },
  {
    "ConfigProfileSettingId": "085493d8-12eb-4bbe-81e0-3be7666875be",
    "BusinessProcessAccess": true,
    "BusinessRulesAccess": true,
    "ConfigurationAccess": true,
    "ConfigurationSelectAll": true,
    "DesignModeAccess": true,
    "DocumentGenerationAccess": true,
    "DomainAccess": true,
    "FunctionalProfileSettingId": "70d20584-3252-4b5b-a6ed-26756db666b7",
    "MenusAccess": true,
    "MessageTemplatesAccess": true,
    "ModelsAccess": true,
    "ModulesAccess": true,
    "OpenApiAccess": true,
    "ProcessAccess": true,
    "ReferenceDataAccess": true,
    "ResourcesAccess": true,
    "TasksAccess": true,
    "TenantsAccess": true,
    "UserInterfaceAccess": true,
    "ViewModelsAccess": true,
    "WizardsAccess": true,
    "ConfigConsoleAccess": true,
    "ConnectAccess": true,
    "Inapplicable_": [],
    "WFId_": "00000000-0000-0000-0000-000000000000",
    "TaskId_": "00000000-0000-0000-0000-000000000000",
    "VersionId_": 4,
    "BaseVersionId_": 3,
    "IsLatestVersion_": true,
    "IsDeleted_": false,
    "StatusId_": 1,
    "CreatedBy_": "admin",
    "CreatedDate_": "2025-04-09T09:04:21.952393Z",
    "UpdatedBy_": "admin",
    "UpdatedDate_": "2025-06-24T19:06:58.240941Z",
    "t_": "ConfigProfileSetting",
    "ContextUserId_": "admin",
    "IsValid_": true,
    "IsVisible_": true,
    "SnapshotId_": 0
  },
  {
    "ConfigProfileSettingId": "26af7ed6-07f7-45cb-a856-f9bf6cc9905f",
    "BusinessProcessAccess": null,
    "BusinessRulesAccess": null,
    "ConfigurationAccess": null,
    "ConfigurationSelectAll": null,
    "DesignModeAccess": null,
    "DocumentGenerationAccess": true,
    "DomainAccess": null,
    "FunctionalProfileSettingId": "15fc8d3e-0dde-4a3c-b9ea-2ebae498c3b3",
    "MenusAccess": null,
    "MessageTemplatesAccess": null,
    "ModelsAccess": null,
    "ModulesAccess": null,
    "OpenApiAccess": null,
    "ProcessAccess": null,
    "ReferenceDataAccess": null,
    "ResourcesAccess": null,
    "TasksAccess": null,
    "TenantsAccess": null,
    "UserInterfaceAccess": null,
    "ViewModelsAccess": null,
    "WizardsAccess": null,
    "ConfigConsoleAccess": null,
    "ConnectAccess": null,
    "Inapplicable_": [],
    "WFId_": "00000000-0000-0000-0000-000000000000",
    "TaskId_": "00000000-0000-0000-0000-000000000000",
    "VersionId_": 1,
    "BaseVersionId_": 0,
    "IsLatestVersion_": true,
    "IsDeleted_": false,
    "StatusId_": 1,
    "CreatedBy_": "admin",
    "CreatedDate_": "2025-07-04T22:36:33.281422Z",
    "UpdatedBy_": null,
    "UpdatedDate_": null,
    "t_": "ConfigProfileSetting",
    "ContextUserId_": "admin",
    "IsValid_": true,
    "IsVisible_": true,
    "SnapshotId_": 0
  },
  {
    "ConfigProfileSettingId": "f80959fe-e787-44bb-add4-4b11f2cda609",
    "BusinessProcessAccess": null,
    "BusinessRulesAccess": null,
    "ConfigurationAccess": null,
    "ConfigurationSelectAll": null,
    "DesignModeAccess": null,
    "DocumentGenerationAccess": true,
    "DomainAccess": null,
    "FunctionalProfileSettingId": "4b5f7e4e-9b7c-488b-baea-0fcc850449a5",
    "MenusAccess": null,
    "MessageTemplatesAccess": true,
    "ModelsAccess": null,
    "ModulesAccess": true,
    "OpenApiAccess": null,
    "ProcessAccess": null,
    "ReferenceDataAccess": true,
    "ResourcesAccess": true,
    "TasksAccess": null,
    "TenantsAccess": null,
    "UserInterfaceAccess": null,
    "ViewModelsAccess": null,
    "WizardsAccess": null,
    "ConfigConsoleAccess": null,
    "ConnectAccess": null,
    "Inapplicable_": [],
    "WFId_": "00000000-0000-0000-0000-000000000000",
    "TaskId_": "00000000-0000-0000-0000-000000000000",
    "VersionId_": 1,
    "BaseVersionId_": 0,
    "IsLatestVersion_": true,
    "IsDeleted_": false,
    "StatusId_": 1,
    "CreatedBy_": "admin",
    "CreatedDate_": "2025-07-04T22:56:01.955014Z",
    "UpdatedBy_": null,
    "UpdatedDate_": null,
    "t_": "ConfigProfileSetting",
    "ContextUserId_": "admin",
    "IsValid_": true,
    "IsVisible_": true,
    "SnapshotId_": 0
  },
  {
    "ConfigProfileSettingId": "7c3c7960-5161-4195-86ca-a9a6bc9d3ff5",
    "BusinessProcessAccess": null,
    "BusinessRulesAccess": null,
    "ConfigurationAccess": null,
    "ConfigurationSelectAll": null,
    "DesignModeAccess": null,
    "DocumentGenerationAccess": true,
    "DomainAccess": null,
    "FunctionalProfileSettingId": "efd73b01-b18a-4c7e-8d21-9e1f468fcd23",
    "MenusAccess": null,
    "MessageTemplatesAccess": true,
    "ModelsAccess": null,
    "ModulesAccess": true,
    "OpenApiAccess": null,
    "ProcessAccess": null,
    "ReferenceDataAccess": true,
    "ResourcesAccess": true,
    "TasksAccess": null,
    "TenantsAccess": null,
    "UserInterfaceAccess": null,
    "ViewModelsAccess": null,
    "WizardsAccess": null,
    "ConfigConsoleAccess": null,
    "ConnectAccess": false,
    "Inapplicable_": [],
    "WFId_": "00000000-0000-0000-0000-000000000000",
    "TaskId_": "00000000-0000-0000-0000-000000000000",
    "VersionId_": 1,
    "BaseVersionId_": 0,
    "IsLatestVersion_": true,
    "IsDeleted_": false,
    "StatusId_": 1,
    "CreatedBy_": "admin",
    "CreatedDate_": "2025-07-07T14:26:01.219335Z",
    "UpdatedBy_": null,
    "UpdatedDate_": null,
    "t_": "ConfigProfileSetting",
    "ContextUserId_": "admin",
    "IsValid_": true,
    "IsVisible_": true,
    "SnapshotId_": 0
  },
  {
    "ConfigProfileSettingId": "ac266225-6178-4097-9c54-5f0b79a67990",
    "BusinessProcessAccess": null,
    "BusinessRulesAccess": null,
    "ConfigurationAccess": null,
    "ConfigurationSelectAll": null,
    "DesignModeAccess": null,
    "DocumentGenerationAccess": true,
    "DomainAccess": null,
    "FunctionalProfileSettingId": "6e92bbb0-b8c2-4e0a-8fdd-ecddb1bd65cc",
    "MenusAccess": null,
    "MessageTemplatesAccess": null,
    "ModelsAccess": null,
    "ModulesAccess": null,
    "OpenApiAccess": null,
    "ProcessAccess": null,
    "ReferenceDataAccess": null,
    "ResourcesAccess": null,
    "TasksAccess": null,
    "TenantsAccess": null,
    "UserInterfaceAccess": null,
    "ViewModelsAccess": null,
    "WizardsAccess": null,
    "ConfigConsoleAccess": null,
    "ConnectAccess": null,
    "Inapplicable_": [],
    "WFId_": "00000000-0000-0000-0000-000000000000",
    "TaskId_": "00000000-0000-0000-0000-000000000000",
    "VersionId_": 1,
    "BaseVersionId_": 0,
    "IsLatestVersion_": true,
    "IsDeleted_": false,
    "StatusId_": 1,
    "CreatedBy_": "admin",
    "CreatedDate_": "2025-07-07T15:27:44.593207Z",
    "UpdatedBy_": null,
    "UpdatedDate_": null,
    "t_": "ConfigProfileSetting",
    "ContextUserId_": "admin",
    "IsValid_": true,
    "IsVisible_": true,
    "SnapshotId_": 0
  },
  {
    "ConfigProfileSettingId": "491f09c7-66e5-4465-9972-62bdd1fdd6d2",
    "BusinessProcessAccess": null,
    "BusinessRulesAccess": null,
    "ConfigurationAccess": null,
    "ConfigurationSelectAll": null,
    "DesignModeAccess": null,
    "DocumentGenerationAccess": true,
    "DomainAccess": null,
    "FunctionalProfileSettingId": "a73aa2c4-99be-45d4-a93f-05ebb2147d85",
    "MenusAccess": null,
    "MessageTemplatesAccess": true,
    "ModelsAccess": null,
    "ModulesAccess": true,
    "OpenApiAccess": null,
    "ProcessAccess": null,
    "ReferenceDataAccess": true,
    "ResourcesAccess": true,
    "TasksAccess": null,
    "TenantsAccess": null,
    "UserInterfaceAccess": null,
    "ViewModelsAccess": null,
    "WizardsAccess": null,
    "ConfigConsoleAccess": null,
    "ConnectAccess": true,
    "Inapplicable_": [],
    "WFId_": "00000000-0000-0000-0000-000000000000",
    "TaskId_": "00000000-0000-0000-0000-000000000000",
    "VersionId_": 2,
    "BaseVersionId_": 1,
    "IsLatestVersion_": true,
    "IsDeleted_": false,
    "StatusId_": 1,
    "CreatedBy_": "admin",
    "CreatedDate_": "2025-07-04T22:03:44.617281Z",
    "UpdatedBy_": "admin",
    "UpdatedDate_": "2025-07-07T16:41:58.722244Z",
    "t_": "ConfigProfileSetting",
    "ContextUserId_": "admin",
    "IsValid_": true,
    "IsVisible_": true,
    "SnapshotId_": 0
  },
  {
    "ConfigProfileSettingId": "da9fbf70-df62-4d8e-8f5a-2e0db256c267",
    "BusinessProcessAccess": null,
    "BusinessRulesAccess": null,
    "ConfigurationAccess": null,
    "ConfigurationSelectAll": null,
    "DesignModeAccess": null,
    "DocumentGenerationAccess": true,
    "DomainAccess": null,
    "FunctionalProfileSettingId": "f86db2a4-9718-404a-a334-bb06d359d7dc",
    "MenusAccess": null,
    "MessageTemplatesAccess": true,
    "ModelsAccess": null,
    "ModulesAccess": true,
    "OpenApiAccess": null,
    "ProcessAccess": null,
    "ReferenceDataAccess": true,
    "ResourcesAccess": true,
    "TasksAccess": null,
    "TenantsAccess": null,
    "UserInterfaceAccess": null,
    "ViewModelsAccess": null,
    "WizardsAccess": null,
    "ConfigConsoleAccess": null,
    "ConnectAccess": false,
    "Inapplicable_": [],
    "WFId_": "00000000-0000-0000-0000-000000000000",
    "TaskId_": "00000000-0000-0000-0000-000000000000",
    "VersionId_": 2,
    "BaseVersionId_": 1,
    "IsLatestVersion_": true,
    "IsDeleted_": false,
    "StatusId_": 1,
    "CreatedBy_": "admin",
    "CreatedDate_": "2025-07-07T15:17:34.078088Z",
    "UpdatedBy_": "admin",
    "UpdatedDate_": "2025-07-07T17:01:04.080671Z",
    "t_": "ConfigProfileSetting",
    "ContextUserId_": "admin",
    "IsValid_": true,
    "IsVisible_": true,
    "SnapshotId_": 0
  }
]