[
  {
    "EntityProfileSettingId": "b596f3b5-fd24-4e89-9069-bfcf995208c2",
    "AddRelationship": true,
    "CloneHierarchy": true,
    "CreateEntityGroup": true,
    "DeleteEntity": true,
    "DeleteRelationship": true,
    "EditEntityGroup": true,
    "EditRelationship": true,
    "FunctionalProfileSettingId": "a73aa2c4-99be-45d4-a93f-05ebb2147d85",
    "HierarchyPaneNavigation": true,
    "ManageBatchEdit": true,
    "ManageEntitySearch": true,
    "RemoveEntityGroup": true,
    "ReplaceRelationship": true,
    "SelectEntityToLinkToReplace": null,
    "ViewEntityCard": true,
    "ViewEntityGroup": true,
    "ViewRelationship": true,
    "AllowScreenEntity": true,
    "Inapplicable_": [],
    "WFId_": "00000000-0000-0000-0000-000000000000",
    "TaskId_": "00000000-0000-0000-0000-000000000000",
    "VersionId_": 1,
    "BaseVersionId_": 0,
    "IsLatestVersion_": true,
    "IsDeleted_": false,
    "StatusId_": 1,
    "CreatedBy_": "admin",
    "CreatedDate_": "2025-07-04T22:03:44.49395Z",
    "UpdatedBy_": null,
    "UpdatedDate_": null,
    "t_": "EntityProfileSetting",
    "ContextUserId_": "admin",
    "IsValid_": true,
    "IsVisible_": true,
    "SnapshotId_": 0
  },
  {
    "EntityProfileSettingId": "132203f6-d491-4526-826c-7d314d289f77",
    "AddRelationship": null,
    "CloneHierarchy": null,
    "CreateEntityGroup": null,
    "DeleteEntity": null,
    "DeleteRelationship": null,
    "EditEntityGroup": null,
    "EditRelationship": null,
    "FunctionalProfileSettingId": "92cf7b91-69ea-4cac-81cf-1fc5e578cfcd",
    "HierarchyPaneNavigation": null,
    "ManageBatchEdit": null,
    "ManageEntitySearch": null,
    "RemoveEntityGroup": null,
    "ReplaceRelationship": null,
    "SelectEntityToLinkToReplace": null,
    "ViewEntityCard": null,
    "ViewEntityGroup": null,
    "ViewRelationship": null,
    "AllowScreenEntity": null,
    "Inapplicable_": [],
    "WFId_": "00000000-0000-0000-0000-000000000000",
    "TaskId_": "00000000-0000-0000-0000-000000000000",
    "VersionId_": 1,
    "BaseVersionId_": 0,
    "IsLatestVersion_": true,
    "IsDeleted_": false,
    "StatusId_": 1,
    "CreatedBy_": "admin",
    "CreatedDate_": "2025-07-04T22:12:23.137331Z",
    "UpdatedBy_": null,
    "UpdatedDate_": null,
    "t_": "EntityProfileSetting",
    "ContextUserId_": "admin",
    "IsValid_": true,
    "IsVisible_": true,
    "SnapshotId_": 0
  },
  {
    "EntityProfileSettingId": "effe641c-e934-4cf4-b062-954ca4076b47",
    "AddRelationship": null,
    "CloneHierarchy": null,
    "CreateEntityGroup": null,
    "DeleteEntity": null,
    "DeleteRelationship": null,
    "EditEntityGroup": null,
    "EditRelationship": null,
    "FunctionalProfileSettingId": "15fc8d3e-0dde-4a3c-b9ea-2ebae498c3b3",
    "HierarchyPaneNavigation": null,
    "ManageBatchEdit": null,
    "ManageEntitySearch": null,
    "RemoveEntityGroup": null,
    "ReplaceRelationship": null,
    "SelectEntityToLinkToReplace": null,
    "ViewEntityCard": null,
    "ViewEntityGroup": null,
    "ViewRelationship": null,
    "AllowScreenEntity": null,
    "Inapplicable_": [],
    "WFId_": "00000000-0000-0000-0000-000000000000",
    "TaskId_": "00000000-0000-0000-0000-000000000000",
    "VersionId_": 1,
    "BaseVersionId_": 0,
    "IsLatestVersion_": true,
    "IsDeleted_": false,
    "StatusId_": 1,
    "CreatedBy_": "admin",
    "CreatedDate_": "2025-07-04T22:36:33.214996Z",
    "UpdatedBy_": null,
    "UpdatedDate_": null,
    "t_": "EntityProfileSetting",
    "ContextUserId_": "admin",
    "IsValid_": true,
    "IsVisible_": true,
    "SnapshotId_": 0
  },
  {
    "EntityProfileSettingId": "ba0956dd-3452-4e02-bbf6-d101e35b96be",
    "AddRelationship": true,
    "CloneHierarchy": true,
    "CreateEntityGroup": true,
    "DeleteEntity": null,
    "DeleteRelationship": true,
    "EditEntityGroup": true,
    "EditRelationship": true,
    "FunctionalProfileSettingId": "4b5f7e4e-9b7c-488b-baea-0fcc850449a5",
    "HierarchyPaneNavigation": true,
    "ManageBatchEdit": true,
    "ManageEntitySearch": true,
    "RemoveEntityGroup": true,
    "ReplaceRelationship": true,
    "SelectEntityToLinkToReplace": null,
    "ViewEntityCard": true,
    "ViewEntityGroup": true,
    "ViewRelationship": true,
    "AllowScreenEntity": true,
    "Inapplicable_": [],
    "WFId_": "00000000-0000-0000-0000-000000000000",
    "TaskId_": "00000000-0000-0000-0000-000000000000",
    "VersionId_": 1,
    "BaseVersionId_": 0,
    "IsLatestVersion_": true,
    "IsDeleted_": false,
    "StatusId_": 1,
    "CreatedBy_": "admin",
    "CreatedDate_": "2025-07-04T22:56:01.900797Z",
    "UpdatedBy_": null,
    "UpdatedDate_": null,
    "t_": "EntityProfileSetting",
    "ContextUserId_": "admin",
    "IsValid_": true,
    "IsVisible_": true,
    "SnapshotId_": 0
  },
  {
    "EntityProfileSettingId": "64529616-b99b-415f-94bf-5ddbd1e3c360",
    "AddRelationship": true,
    "CloneHierarchy": true,
    "CreateEntityGroup": true,
    "DeleteEntity": null,
    "DeleteRelationship": true,
    "EditEntityGroup": true,
    "EditRelationship": true,
    "FunctionalProfileSettingId": "70d20584-3252-4b5b-a6ed-26756db666b7",
    "HierarchyPaneNavigation": true,
    "ManageBatchEdit": true,
    "ManageEntitySearch": true,
    "RemoveEntityGroup": true,
    "ReplaceRelationship": true,
    "SelectEntityToLinkToReplace": true,
    "ViewEntityCard": true,
    "ViewEntityGroup": true,
    "ViewRelationship": true,
    "AllowScreenEntity": null,
    "Inapplicable_": [],
    "WFId_": "00000000-0000-0000-0000-000000000000",
    "TaskId_": "00000000-0000-0000-0000-000000000000",
    "VersionId_": 4,
    "BaseVersionId_": 3,
    "IsLatestVersion_": true,
    "IsDeleted_": false,
    "StatusId_": 1,
    "CreatedBy_": "admin",
    "CreatedDate_": "2025-04-09T09:04:21.952393Z",
    "UpdatedBy_": "admin",
    "UpdatedDate_": "2025-06-24T19:06:58.100316Z",
    "t_": "EntityProfileSetting",
    "ContextUserId_": "admin",
    "IsValid_": true,
    "IsVisible_": true,
    "SnapshotId_": 0
  },
  {
    "EntityProfileSettingId": "5af8d09b-42ec-4466-b404-f154704dd712",
    "AddRelationship": true,
    "CloneHierarchy": true,
    "CreateEntityGroup": true,
    "DeleteEntity": true,
    "DeleteRelationship": true,
    "EditEntityGroup": true,
    "EditRelationship": true,
    "FunctionalProfileSettingId": "efd73b01-b18a-4c7e-8d21-9e1f468fcd23",
    "HierarchyPaneNavigation": true,
    "ManageBatchEdit": true,
    "ManageEntitySearch": true,
    "RemoveEntityGroup": true,
    "ReplaceRelationship": true,
    "SelectEntityToLinkToReplace": null,
    "ViewEntityCard": true,
    "ViewEntityGroup": true,
    "ViewRelationship": true,
    "AllowScreenEntity": true,
    "Inapplicable_": [],
    "WFId_": "00000000-0000-0000-0000-000000000000",
    "TaskId_": "00000000-0000-0000-0000-000000000000",
    "VersionId_": 1,
    "BaseVersionId_": 0,
    "IsLatestVersion_": true,
    "IsDeleted_": false,
    "StatusId_": 1,
    "CreatedBy_": "admin",
    "CreatedDate_": "2025-07-07T14:26:01.159409Z",
    "UpdatedBy_": null,
    "UpdatedDate_": null,
    "t_": "EntityProfileSetting",
    "ContextUserId_": "admin",
    "IsValid_": true,
    "IsVisible_": true,
    "SnapshotId_": 0
  },
  {
    "EntityProfileSettingId": "95e6c231-2a82-44db-8fbb-55fe95284021",
    "AddRelationship": true,
    "CloneHierarchy": true,
    "CreateEntityGroup": true,
    "DeleteEntity": true,
    "DeleteRelationship": true,
    "EditEntityGroup": true,
    "EditRelationship": true,
    "FunctionalProfileSettingId": "f86db2a4-9718-404a-a334-bb06d359d7dc",
    "HierarchyPaneNavigation": true,
    "ManageBatchEdit": true,
    "ManageEntitySearch": true,
    "RemoveEntityGroup": true,
    "ReplaceRelationship": true,
    "SelectEntityToLinkToReplace": null,
    "ViewEntityCard": true,
    "ViewEntityGroup": true,
    "ViewRelationship": true,
    "AllowScreenEntity": true,
    "Inapplicable_": [],
    "WFId_": "00000000-0000-0000-0000-000000000000",
    "TaskId_": "00000000-0000-0000-0000-000000000000",
    "VersionId_": 1,
    "BaseVersionId_": 0,
    "IsLatestVersion_": true,
    "IsDeleted_": false,
    "StatusId_": 1,
    "CreatedBy_": "admin",
    "CreatedDate_": "2025-07-07T15:17:33.997419Z",
    "UpdatedBy_": null,
    "UpdatedDate_": null,
    "t_": "EntityProfileSetting",
    "ContextUserId_": "admin",
    "IsValid_": true,
    "IsVisible_": true,
    "SnapshotId_": 0
  },
  {
    "EntityProfileSettingId": "eed31d93-1951-466e-816b-da172599a7fe",
    "AddRelationship": true,
    "CloneHierarchy": true,
    "CreateEntityGroup": true,
    "DeleteEntity": null,
    "DeleteRelationship": true,
    "EditEntityGroup": true,
    "EditRelationship": true,
    "FunctionalProfileSettingId": "6e92bbb0-b8c2-4e0a-8fdd-ecddb1bd65cc",
    "HierarchyPaneNavigation": null,
    "ManageBatchEdit": null,
    "ManageEntitySearch": true,
    "RemoveEntityGroup": true,
    "ReplaceRelationship": true,
    "SelectEntityToLinkToReplace": null,
    "ViewEntityCard": true,
    "ViewEntityGroup": true,
    "ViewRelationship": true,
    "AllowScreenEntity": true,
    "Inapplicable_": [],
    "WFId_": "00000000-0000-0000-0000-000000000000",
    "TaskId_": "00000000-0000-0000-0000-000000000000",
    "VersionId_": 1,
    "BaseVersionId_": 0,
    "IsLatestVersion_": true,
    "IsDeleted_": false,
    "StatusId_": 1,
    "CreatedBy_": "admin",
    "CreatedDate_": "2025-07-07T15:27:44.519786Z",
    "UpdatedBy_": null,
    "UpdatedDate_": null,
    "t_": "EntityProfileSetting",
    "ContextUserId_": "admin",
    "IsValid_": true,
    "IsVisible_": true,
    "SnapshotId_": 0
  }
]