[
  {
    "EntitySystemSettingId": "ed00b101-2a1b-4b13-8f38-086c78640381",
    "AnonymizeAfterDays": 7,
    "AutoLockEntities": null,
    "MaxIndustryCode": null,
    "NoUniquenessFailureOverride": null,
    "SystemSettingId": "14700269-cb8b-462e-ae1d-16816ffa19f7",
    "FirmId": null,
    "EntityHierarchyLimit": 200,
    "EnableAdvanceSearch": true,
    "EnableMoodysEntityDataSearch": true,
    "OrbisApiToken": "",
    "OrbisApiUrl": "https://api.models.moodysanalytics.com/entity/v1",
    "Inapplicable_": [],
    "Associations_": [
      "EntityExternalDataSetting"
    ],
    "WFId_": "00000000-0000-0000-0000-000000000000",
    "TaskId_": "00000000-0000-0000-0000-000000000000",
    "VersionId_": 4,
    "BaseVersionId_": 3,
    "IsLatestVersion_": true,
    "IsDeleted_": false,
    "StatusId_": 1,
    "CreatedBy_": "admin",
    "CreatedDate_": "2025-04-09T09:04:21.952393Z",
    "UpdatedBy_": "admin",
    "UpdatedDate_": "2025-06-24T19:06:59.980444Z",
    "t_": "EntitySystemSetting",
    "ContextUserId_": "admin",
    "IsValid_": true,
    "IsVisible_": true,
    "SnapshotId_": 0
  }
]