[
  {
    "FinancialSystemSettingId": "6b4aece4-94c8-484b-82e8-a4804063a121",
    "DataEntry": "Horizontal",
    "DefaultPeerDb": 11,
    "DefaultRcModel": 36,
    "DefaultScenario": 2,
    "DisableUp": "0",
    "DualConversion": 0,
    "EnableClimateRisk": false,
    "EnableClimateRiskPrivateNames": false,
    "EnableCreditEdge": true,
    "EnforceSourceRqmtOnAcctRate": false,
    "ExcludeHiddenStmtsFromExport": null,
    "ExcludeHiddenStmtsFromReport": null,
    "FontFolder": "<%windir%>\\FONTS",
    "FontSizes": "6,7,8,9,10,11,12,14",
    "FreezeRows": false,
    "HideNullAccts": false,
    "HideStatementConstants": false,
    "ItemsPerPage": 25,
    "OrgInfo": "<orginfo name=\"\" address=\"\" city=\"\" state=\"\" zip=\"\" rmachapter=\"\" rmamembernumber=\"\" />",
    "OthrUseAcctRate": "0",
    "PaperTypes": "\r\n<PAPERTYPE ID=\"0\" desc=\"Letter, 8 1/2 x 11 in\"/>\r\n<PAPERTYPE ID=\"28\" desc=\"Legal, 8 1/2 x 14 in\"/>\r\n<PAPERTYPE ID=\"23\" desc=\"B5 182 X 257 mm\"/>\r\n<PAPERTYPE ID=\"7\" desc=\"A4 210 x 297 mm\"/>",
    "PeriodPrecision": 0,
    "Precision": 4,
    "PublicEdfLogin": "<ceinfo userid=\"\" password=\"\" useuserlogininformation=\"0\" publickey=\"\" privatekey=\"\" settingUrl=\"https://api.creditedge.com/v1/\" />",
    "RcpPeerAnalysisLlUrl": "https://riskcalcplus.moodysanalytics.com/ExternalIntegration/RiskAnalyst/XmlLoadForPeer.aspx",
    "RcpPeerAnalysisUrl": "https://batch-riskcalc.moodysrms.com/services/RiskCalcDataRest.svc",
    "ReportFonts": "<FONT ID=\"%FontFolder%\\\\arial.ttf\" Display=\"Arial\" English=\"Arial\" Family=\"0\" FontFamily=\"Arial\" Encoding=\"1252\"/>\\r\\n<FONT ID=\"%FontFolder%\\\\arialbd.ttf\" Display=\"Arial Bold\" English=\"Arial Bold\" Family=\"0\" FontFamily=\"Arial\" Encoding=\"1252\"/>\\r\\n<FONT ID=\"%FontFolder%\\\\arialbi.ttf\" Display=\"Arial Bold-Italic\" English=\"Arial Bold Italic\" Family=\"0\" FontFamily=\"Arial\" Encoding=\"1252\"/>\\r\\n<FONT ID=\"%FontFolder%\\\\ariali.ttf\" Display=\"Arial Italic\" English=\"Arial Italic\" Family=\"0\" FontFamily=\"Arial\" Encoding=\"1252\"/>\\r\\n<FONT ID=\"%FontFolder%\\\\ArialNarrowMTPro-Regular.ttf\" Display=\"Arial Narrow\" English=\"Arial Narrow\" Family=\"1\" FontFamily=\"Arial Narrow MT Pro\" Encoding=\"1252\" Embed=\"true\"/>\\r\\n<FONT ID=\"%FontFolder%\\\\ArialNarrowMTPro-Bold.ttf\" Display=\"Arial Narrow Bold\" English=\"Arial Narrow Bold\" Family=\"1\" FontFamily=\"Arial Narrow MT Pro\" Encoding=\"1252\" Embed=\"true\"/>\\r\\n<FONT ID=\"Helvetica\" Display=\"Helvetica\" English=\"Helvetica\" Family=\"2\" Encoding=\"1252\"/>\\r\\n<FONT ID=\"Helvetica,Bold\" Display=\"Helvetica Bold\" English=\"Helvetica Bold\" Family=\"2\" Encoding=\"1252\"/>\\r\\n<FONT ID=\"Helvetica,BoldItalic\" Display=\"Helvetica Bold-Italic\" English=\"Helvetica Bold Italic\" Family=\"2\" Encoding=\"1252\"/>\\r\\n<FONT ID=\"Helvetica,Italic\" Display=\"Helvetica Italic\" English=\"Helvetica Italic\" Family=\"2\" Encoding=\"1252\"/>\\r\\n<FONT ID=\"Times\" Display=\"Times New Roman\" English=\"Times New Roman\" Family=\"3\" Encoding=\"1252\"/>\\r\\n<FONT ID=\"Times,Bold\" Display=\"Times New Roman Bold\" English=\"Times New Roman Bold\" Family=\"3\" Encoding=\"1252\"/>\\r\\n<FONT ID=\"Times,BoldItalic\" Display=\"Times New Roman Bold-Italic\" English=\"Times New Roman Bold Italic\" Family=\"3\" Encoding=\"1252\"/>\\r\\n<FONT ID=\"Times,Italic\" Display=\"Times New Roman Italic\" English=\"Times New Roman Italic\" Family=\"3\" Encoding=\"1252\"/>\\r\\n<FONT ID=\"%FontFolder%\\\\arialuni.ttf\" Display=\"Arial Unicode MS\" English=\"Arial Unicode MS\" Family=\"4\" FontFamily=\"Arial Unicode MS\" Encoding=\"Identity-H\"/>",
    "ReportRounding": 1,
    "ReportSettings": "<settings><heading face=\"%FontFolder%\\\\arialuni.ttf\" englishname=\"Arial Unicode MS\" size=\"8\" encoding=\"Identity-H\"/><headingfontfamily><font path=\"%FontFolder%\\\\arialuni.ttf\" encoding=\"Identity-H\" englishname=\"Arial Unicode MS\" /><font path=\"%FontFolder%\\\\\\\\arialbd.ttf\" englishname=\"Arial Bold\" /><font path=\"%FontFolder%\\\\arialbi.ttf\" englishname=\"Arial Bold Italic\" Encoding=\"1252\" /><font path=\"%FontFolder%\\\\ariali.ttf\" englishname=\"Arial Italic\" Encoding=\"1252\" /></headingfontfamily><body face=\"%FontFolder%\\\\arialuni.ttf\" englishname=\"Arial Unicode MS\" size=\"8\" bold=\"false\" encoding=\"Identity-H\" /><bodyfontfamily><font path=\"%FontFolder%\\\\arialuni.ttf\" englishname=\"Arial Unicode MS\" encoding=\"Identity-H\" /><font path=\"%FontFolder%\\\\arialbd.ttf\" englishname=\"Arial Bold\" encoding=\"1252\" /><font path=\"%FontFolder%\\\\arialbi.ttf\" englishname=\"Arial Bold Italic\" encoding=\"1252\"/><font path=\"%FontFolder%\\\\ariali.ttf\" englishname=\"Arial Italic\" encoding=\"1252\" /></bodyfontfamily><page type=\"0\" top=\"18\" left=\"18\" right=\"18\" bottom=\"18\" orient=\"0\" firstpagenum=\"1\" contpagenum=\"true\" fileformat=\"PDF\" generateonefile=\"false\" numfiles=\"2\"/><autosizecols value=\"true\"/></settings>",
    "RiskCalcLogin": "<rcinfo userid=\"\" password=\"\" mode=\"0\" settingUrl=\"https://riskcalcplus.moodysanalytics.com\" />",
    "RiskCalcSSOUrl": "https://sso.moodysanalytics.com/sso-api/v1/token",
    "RiskCalcUsStatesListUrl": "https://riskcalcplus.moodysanalytics.com/json/calculations/state.json",
    "RptsUseAcctRate": true,
    "SpgRedoUndoStepMax": 16,
    "StmtOrder": "Ascending",
    "SystemSettingId": "14700269-cb8b-462e-ae1d-16816ffa19f7",
    "UpScheduledRecordCleanup": 7,
    "UseHiddenStmts": false,
    "EnableLargeStackSizeForPmCalc": null,
    "Inapplicable_": [],
    "WFId_": "00000000-0000-0000-0000-000000000000",
    "TaskId_": "00000000-0000-0000-0000-000000000000",
    "VersionId_": 4,
    "BaseVersionId_": 3,
    "IsLatestVersion_": true,
    "IsDeleted_": false,
    "StatusId_": 1,
    "CreatedBy_": "admin",
    "CreatedDate_": "2025-04-09T09:04:21.952393Z",
    "UpdatedBy_": "admin",
    "UpdatedDate_": "2025-06-24T19:06:59.820936Z",
    "t_": "FinancialSystemSetting",
    "ContextUserId_": "admin",
    "IsValid_": true,
    "IsVisible_": true,
    "SnapshotId_": 0
  }
]