[
  {
    "FinancialProfileSettingId": "58e1377c-a98f-452a-a079-bb6ebabace54",
    "CanCreateReport": true,
    "CanSeePfaTemplateAddIn": true,
    "CanSeeSpreadingGuide": true,
    "CashToAccrual": true,
    "ChangeFinancialTemplate": true,
    "FillInCombinedInformation": true,
    "FillInSpreadingInformation": true,
    "FinancialModuleAccess": true,
    "FunctionalProfileSettingId": "a73aa2c4-99be-45d4-a93f-05ebb2147d85",
    "HistCloneStatement": true,
    "HistCreateCombinedStatement": true,
    "HistDeleteStatement": true,
    "HistDisplayRounding": true,
    "HistHideShowAccount": true,
    "HistInsertDeleteAccount": true,
    "HistRelabelAccount": true,
    "HistReorderAccount": null,
    "PeerSelection": true,
    "ProjCloneStatement": true,
    "ProjDeleteStatement": true,
    "ProjDisplayRounding": true,
    "ProjHideShowAccount": true,
    "ProjInsertDeleteAccount": true,
    "ProjRelabelAccount": true,
    "ProjReorderAccount": null,
    "ProjSetupProjection": true,
    "RmaSubmission": true,
    "Schedules": true,
    "SetupPeerInformation": true,
    "SetupUserDefinedAnalysis": true,
    "SreoAccess": true,
    "UpdatePortfolio": true,
    "DebtSchedule": true,
    "Inapplicable_": [],
    "WFId_": "00000000-0000-0000-0000-000000000000",
    "TaskId_": "00000000-0000-0000-0000-000000000000",
    "VersionId_": 1,
    "BaseVersionId_": 0,
    "IsLatestVersion_": true,
    "IsDeleted_": false,
    "StatusId_": 1,
    "CreatedBy_": "admin",
    "CreatedDate_": "2025-07-04T22:03:44.437163Z",
    "UpdatedBy_": null,
    "UpdatedDate_": null,
    "t_": "FinancialProfileSetting",
    "ContextUserId_": "admin",
    "IsValid_": true,
    "IsVisible_": true,
    "SnapshotId_": 0
  },
  {
    "FinancialProfileSettingId": "c499393b-0a36-40f5-bb8c-39968c45b45f",
    "CanCreateReport": null,
    "CanSeePfaTemplateAddIn": null,
    "CanSeeSpreadingGuide": null,
    "CashToAccrual": null,
    "ChangeFinancialTemplate": null,
    "FillInCombinedInformation": null,
    "FillInSpreadingInformation": null,
    "FinancialModuleAccess": null,
    "FunctionalProfileSettingId": "92cf7b91-69ea-4cac-81cf-1fc5e578cfcd",
    "HistCloneStatement": null,
    "HistCreateCombinedStatement": null,
    "HistDeleteStatement": null,
    "HistDisplayRounding": null,
    "HistHideShowAccount": null,
    "HistInsertDeleteAccount": null,
    "HistRelabelAccount": null,
    "HistReorderAccount": null,
    "PeerSelection": null,
    "ProjCloneStatement": null,
    "ProjDeleteStatement": null,
    "ProjDisplayRounding": null,
    "ProjHideShowAccount": null,
    "ProjInsertDeleteAccount": null,
    "ProjRelabelAccount": null,
    "ProjReorderAccount": null,
    "ProjSetupProjection": null,
    "RmaSubmission": null,
    "Schedules": null,
    "SetupPeerInformation": null,
    "SetupUserDefinedAnalysis": null,
    "SreoAccess": null,
    "UpdatePortfolio": null,
    "DebtSchedule": null,
    "Inapplicable_": [],
    "WFId_": "00000000-0000-0000-0000-000000000000",
    "TaskId_": "00000000-0000-0000-0000-000000000000",
    "VersionId_": 1,
    "BaseVersionId_": 0,
    "IsLatestVersion_": true,
    "IsDeleted_": false,
    "StatusId_": 1,
    "CreatedBy_": "admin",
    "CreatedDate_": "2025-07-04T22:12:23.113412Z",
    "UpdatedBy_": null,
    "UpdatedDate_": null,
    "t_": "FinancialProfileSetting",
    "ContextUserId_": "admin",
    "IsValid_": true,
    "IsVisible_": true,
    "SnapshotId_": 0
  },
  {
    "FinancialProfileSettingId": "2c2d29b2-d2d9-4c4d-a27e-a922232ea036",
    "CanCreateReport": true,
    "CanSeePfaTemplateAddIn": true,
    "CanSeeSpreadingGuide": true,
    "CashToAccrual": true,
    "ChangeFinancialTemplate": true,
    "FillInCombinedInformation": true,
    "FillInSpreadingInformation": true,
    "FinancialModuleAccess": true,
    "FunctionalProfileSettingId": "70d20584-3252-4b5b-a6ed-26756db666b7",
    "HistCloneStatement": true,
    "HistCreateCombinedStatement": true,
    "HistDeleteStatement": true,
    "HistDisplayRounding": true,
    "HistHideShowAccount": true,
    "HistInsertDeleteAccount": true,
    "HistRelabelAccount": true,
    "HistReorderAccount": true,
    "PeerSelection": true,
    "ProjCloneStatement": true,
    "ProjDeleteStatement": true,
    "ProjDisplayRounding": true,
    "ProjHideShowAccount": true,
    "ProjInsertDeleteAccount": true,
    "ProjRelabelAccount": true,
    "ProjReorderAccount": true,
    "ProjSetupProjection": true,
    "RmaSubmission": true,
    "Schedules": true,
    "SetupPeerInformation": true,
    "SetupUserDefinedAnalysis": true,
    "SreoAccess": null,
    "UpdatePortfolio": true,
    "DebtSchedule": true,
    "Inapplicable_": [],
    "WFId_": "00000000-0000-0000-0000-000000000000",
    "TaskId_": "00000000-0000-0000-0000-000000000000",
    "VersionId_": 4,
    "BaseVersionId_": 3,
    "IsLatestVersion_": true,
    "IsDeleted_": false,
    "StatusId_": 1,
    "CreatedBy_": "admin",
    "CreatedDate_": "2025-04-09T09:04:21.952393Z",
    "UpdatedBy_": "admin",
    "UpdatedDate_": "2025-06-24T19:06:58.027554Z",
    "t_": "FinancialProfileSetting",
    "ContextUserId_": "admin",
    "IsValid_": true,
    "IsVisible_": true,
    "SnapshotId_": 0
  },
  {
    "FinancialProfileSettingId": "096c7805-399e-47db-a332-3fa854f7bcc5",
    "CanCreateReport": null,
    "CanSeePfaTemplateAddIn": null,
    "CanSeeSpreadingGuide": null,
    "CashToAccrual": null,
    "ChangeFinancialTemplate": null,
    "FillInCombinedInformation": null,
    "FillInSpreadingInformation": null,
    "FinancialModuleAccess": null,
    "FunctionalProfileSettingId": "15fc8d3e-0dde-4a3c-b9ea-2ebae498c3b3",
    "HistCloneStatement": null,
    "HistCreateCombinedStatement": null,
    "HistDeleteStatement": null,
    "HistDisplayRounding": null,
    "HistHideShowAccount": null,
    "HistInsertDeleteAccount": null,
    "HistRelabelAccount": null,
    "HistReorderAccount": null,
    "PeerSelection": null,
    "ProjCloneStatement": null,
    "ProjDeleteStatement": null,
    "ProjDisplayRounding": null,
    "ProjHideShowAccount": null,
    "ProjInsertDeleteAccount": null,
    "ProjRelabelAccount": null,
    "ProjReorderAccount": null,
    "ProjSetupProjection": null,
    "RmaSubmission": null,
    "Schedules": null,
    "SetupPeerInformation": null,
    "SetupUserDefinedAnalysis": null,
    "SreoAccess": null,
    "UpdatePortfolio": null,
    "DebtSchedule": null,
    "Inapplicable_": [],
    "WFId_": "00000000-0000-0000-0000-000000000000",
    "TaskId_": "00000000-0000-0000-0000-000000000000",
    "VersionId_": 1,
    "BaseVersionId_": 0,
    "IsLatestVersion_": true,
    "IsDeleted_": false,
    "StatusId_": 1,
    "CreatedBy_": "admin",
    "CreatedDate_": "2025-07-04T22:36:33.195183Z",
    "UpdatedBy_": null,
    "UpdatedDate_": null,
    "t_": "FinancialProfileSetting",
    "ContextUserId_": "admin",
    "IsValid_": true,
    "IsVisible_": true,
    "SnapshotId_": 0
  },
  {
    "FinancialProfileSettingId": "64b8e573-b777-4ab7-bac5-6a3947ee6d85",
    "CanCreateReport": true,
    "CanSeePfaTemplateAddIn": true,
    "CanSeeSpreadingGuide": true,
    "CashToAccrual": null,
    "ChangeFinancialTemplate": true,
    "FillInCombinedInformation": true,
    "FillInSpreadingInformation": true,
    "FinancialModuleAccess": true,
    "FunctionalProfileSettingId": "4b5f7e4e-9b7c-488b-baea-0fcc850449a5",
    "HistCloneStatement": true,
    "HistCreateCombinedStatement": true,
    "HistDeleteStatement": true,
    "HistDisplayRounding": true,
    "HistHideShowAccount": true,
    "HistInsertDeleteAccount": true,
    "HistRelabelAccount": true,
    "HistReorderAccount": null,
    "PeerSelection": true,
    "ProjCloneStatement": true,
    "ProjDeleteStatement": true,
    "ProjDisplayRounding": true,
    "ProjHideShowAccount": true,
    "ProjInsertDeleteAccount": true,
    "ProjRelabelAccount": true,
    "ProjReorderAccount": null,
    "ProjSetupProjection": true,
    "RmaSubmission": true,
    "Schedules": null,
    "SetupPeerInformation": true,
    "SetupUserDefinedAnalysis": true,
    "SreoAccess": null,
    "UpdatePortfolio": true,
    "DebtSchedule": null,
    "Inapplicable_": [],
    "WFId_": "00000000-0000-0000-0000-000000000000",
    "TaskId_": "00000000-0000-0000-0000-000000000000",
    "VersionId_": 1,
    "BaseVersionId_": 0,
    "IsLatestVersion_": true,
    "IsDeleted_": false,
    "StatusId_": 1,
    "CreatedBy_": "admin",
    "CreatedDate_": "2025-07-04T22:56:01.866297Z",
    "UpdatedBy_": null,
    "UpdatedDate_": null,
    "t_": "FinancialProfileSetting",
    "ContextUserId_": "admin",
    "IsValid_": true,
    "IsVisible_": true,
    "SnapshotId_": 0
  },
  {
    "FinancialProfileSettingId": "c6301ce6-4af3-48c3-9846-843b3f41287d",
    "CanCreateReport": true,
    "CanSeePfaTemplateAddIn": true,
    "CanSeeSpreadingGuide": true,
    "CashToAccrual": true,
    "ChangeFinancialTemplate": true,
    "FillInCombinedInformation": true,
    "FillInSpreadingInformation": true,
    "FinancialModuleAccess": true,
    "FunctionalProfileSettingId": "efd73b01-b18a-4c7e-8d21-9e1f468fcd23",
    "HistCloneStatement": true,
    "HistCreateCombinedStatement": true,
    "HistDeleteStatement": true,
    "HistDisplayRounding": true,
    "HistHideShowAccount": true,
    "HistInsertDeleteAccount": true,
    "HistRelabelAccount": true,
    "HistReorderAccount": null,
    "PeerSelection": true,
    "ProjCloneStatement": true,
    "ProjDeleteStatement": true,
    "ProjDisplayRounding": true,
    "ProjHideShowAccount": true,
    "ProjInsertDeleteAccount": true,
    "ProjRelabelAccount": true,
    "ProjReorderAccount": null,
    "ProjSetupProjection": true,
    "RmaSubmission": true,
    "Schedules": true,
    "SetupPeerInformation": true,
    "SetupUserDefinedAnalysis": true,
    "SreoAccess": false,
    "UpdatePortfolio": true,
    "DebtSchedule": true,
    "Inapplicable_": [],
    "WFId_": "00000000-0000-0000-0000-000000000000",
    "TaskId_": "00000000-0000-0000-0000-000000000000",
    "VersionId_": 1,
    "BaseVersionId_": 0,
    "IsLatestVersion_": true,
    "IsDeleted_": false,
    "StatusId_": 1,
    "CreatedBy_": "admin",
    "CreatedDate_": "2025-07-07T14:26:01.141959Z",
    "UpdatedBy_": null,
    "UpdatedDate_": null,
    "t_": "FinancialProfileSetting",
    "ContextUserId_": "admin",
    "IsValid_": true,
    "IsVisible_": true,
    "SnapshotId_": 0
  },
  {
    "FinancialProfileSettingId": "27a3dd04-65e1-4c17-8f17-bd2b6f4e919b",
    "CanCreateReport": true,
    "CanSeePfaTemplateAddIn": true,
    "CanSeeSpreadingGuide": true,
    "CashToAccrual": true,
    "ChangeFinancialTemplate": true,
    "FillInCombinedInformation": true,
    "FillInSpreadingInformation": true,
    "FinancialModuleAccess": true,
    "FunctionalProfileSettingId": "f86db2a4-9718-404a-a334-bb06d359d7dc",
    "HistCloneStatement": true,
    "HistCreateCombinedStatement": true,
    "HistDeleteStatement": true,
    "HistDisplayRounding": true,
    "HistHideShowAccount": true,
    "HistInsertDeleteAccount": true,
    "HistRelabelAccount": true,
    "HistReorderAccount": null,
    "PeerSelection": true,
    "ProjCloneStatement": true,
    "ProjDeleteStatement": true,
    "ProjDisplayRounding": true,
    "ProjHideShowAccount": true,
    "ProjInsertDeleteAccount": true,
    "ProjRelabelAccount": true,
    "ProjReorderAccount": null,
    "ProjSetupProjection": true,
    "RmaSubmission": true,
    "Schedules": true,
    "SetupPeerInformation": true,
    "SetupUserDefinedAnalysis": true,
    "SreoAccess": false,
    "UpdatePortfolio": true,
    "DebtSchedule": true,
    "Inapplicable_": [],
    "WFId_": "00000000-0000-0000-0000-000000000000",
    "TaskId_": "00000000-0000-0000-0000-000000000000",
    "VersionId_": 1,
    "BaseVersionId_": 0,
    "IsLatestVersion_": true,
    "IsDeleted_": false,
    "StatusId_": 1,
    "CreatedBy_": "admin",
    "CreatedDate_": "2025-07-07T15:17:33.977303Z",
    "UpdatedBy_": null,
    "UpdatedDate_": null,
    "t_": "FinancialProfileSetting",
    "ContextUserId_": "admin",
    "IsValid_": true,
    "IsVisible_": true,
    "SnapshotId_": 0
  },
  {
    "FinancialProfileSettingId": "97945617-04ad-4dd2-8770-29b5d0a51866",
    "CanCreateReport": null,
    "CanSeePfaTemplateAddIn": null,
    "CanSeeSpreadingGuide": null,
    "CashToAccrual": null,
    "ChangeFinancialTemplate": null,
    "FillInCombinedInformation": null,
    "FillInSpreadingInformation": null,
    "FinancialModuleAccess": true,
    "FunctionalProfileSettingId": "6e92bbb0-b8c2-4e0a-8fdd-ecddb1bd65cc",
    "HistCloneStatement": null,
    "HistCreateCombinedStatement": null,
    "HistDeleteStatement": null,
    "HistDisplayRounding": null,
    "HistHideShowAccount": null,
    "HistInsertDeleteAccount": null,
    "HistRelabelAccount": null,
    "HistReorderAccount": null,
    "PeerSelection": null,
    "ProjCloneStatement": null,
    "ProjDeleteStatement": null,
    "ProjDisplayRounding": null,
    "ProjHideShowAccount": null,
    "ProjInsertDeleteAccount": null,
    "ProjRelabelAccount": null,
    "ProjReorderAccount": null,
    "ProjSetupProjection": null,
    "RmaSubmission": null,
    "Schedules": null,
    "SetupPeerInformation": null,
    "SetupUserDefinedAnalysis": null,
    "SreoAccess": null,
    "UpdatePortfolio": null,
    "DebtSchedule": null,
    "Inapplicable_": [],
    "WFId_": "00000000-0000-0000-0000-000000000000",
    "TaskId_": "00000000-0000-0000-0000-000000000000",
    "VersionId_": 1,
    "BaseVersionId_": 0,
    "IsLatestVersion_": true,
    "IsDeleted_": false,
    "StatusId_": 1,
    "CreatedBy_": "admin",
    "CreatedDate_": "2025-07-07T15:27:44.493352Z",
    "UpdatedBy_": null,
    "UpdatedDate_": null,
    "t_": "FinancialProfileSetting",
    "ContextUserId_": "admin",
    "IsValid_": true,
    "IsVisible_": true,
    "SnapshotId_": 0
  }
]