[
  {
    "ProfileId": "92cf7b91-69ea-4cac-81cf-1fc5e578cfcd",
    "ProfileName": "Seguridad",
    "Inapplicable_": [],
    "Associations_": [
      "CpProfileSetting",
      "SourcesUsesProfilesSetting",
      "DepositTracProfileSetting",
      "ExcelExportProfileSetting",
      "CreEaProfileSetting",
      "CreProfileSetting",
      "CovenantProfileSetting",
      "TermSheetProfileSetting",
      "DealStructuringProfileSetting",
      "BiDashboardProfileSetting",
      "MarqProfileSetting",
      "MapProfileSetting",
      "RiskGradingProfileSetting",
      "ClimateEsgProfileSetting",
      "BenchmarkProfileSetting",
      "SaProfileSetting",
      "FinancialProfileSetting",
      "ApacProfileSetting",
      "EntityProfileSetting",
      "GeneralProfileSetting",
      "WorkflowProfileSetting",
      "ConfigProfileSetting",
      "AdminProfileSetting"
    ],
    "WFId_": "00000000-0000-0000-0000-000000000000",
    "TaskId_": "00000000-0000-0000-0000-000000000000",
    "VersionId_": 2,
    "BaseVersionId_": 1,
    "IsLatestVersion_": true,
    "IsDeleted_": false,
    "StatusId_": 1,
    "CreatedBy_": "admin",
    "CreatedDate_": "2025-07-04T22:12:22.947922Z",
    "UpdatedBy_": "admin",
    "UpdatedDate_": "2025-07-04T22:19:04.362738Z",
    "t_": "FunctionalProfileSetting",
    "ContextUserId_": "admin",
    "IsValid_": true,
    "IsVisible_": true,
    "SnapshotId_": 0
  },
  {
    "ProfileId": "70d20584-3252-4b5b-a6ed-26756db666b7",
    "ProfileName": "SuperAdministratorProfile",
    "Inapplicable_": [],
    "Associations_": [
      "CpProfileSetting",
      "SourcesUsesProfilesSetting",
      "DepositTracProfileSetting",
      "ExcelExportProfileSetting",
      "CreEaProfileSetting",
      "CreProfileSetting",
      "CovenantProfileSetting",
      "TermSheetProfileSetting",
      "DealStructuringProfileSetting",
      "BiDashboardProfileSetting",
      "MarqProfileSetting",
      "MapProfileSetting",
      "RiskGradingProfileSetting",
      "ClimateEsgProfileSetting",
      "BenchmarkProfileSetting",
      "SaProfileSetting",
      "FinancialProfileSetting",
      "ApacProfileSetting",
      "EntityProfileSetting",
      "GeneralProfileSetting",
      "WorkflowProfileSetting",
      "ConfigProfileSetting",
      "AdminProfileSetting"
    ],
    "WFId_": "00000000-0000-0000-0000-000000000000",
    "TaskId_": "00000000-0000-0000-0000-000000000000",
    "VersionId_": 4,
    "BaseVersionId_": 3,
    "IsLatestVersion_": true,
    "IsDeleted_": false,
    "StatusId_": 1,
    "CreatedBy_": "admin",
    "CreatedDate_": "2025-04-09T09:04:21.952393Z",
    "UpdatedBy_": "admin",
    "UpdatedDate_": "2025-06-24T19:06:57.327069Z",
    "t_": "FunctionalProfileSetting",
    "ContextUserId_": "admin",
    "IsValid_": true,
    "IsVisible_": true,
    "SnapshotId_": 0
  },
  {
    "ProfileId": "4b5f7e4e-9b7c-488b-baea-0fcc850449a5",
    "ProfileName": "Analista de Crédito",
    "Inapplicable_": [],
    "Associations_": [
      "CpProfileSetting",
      "SourcesUsesProfilesSetting",
      "DepositTracProfileSetting",
      "ExcelExportProfileSetting",
      "CreEaProfileSetting",
      "CreProfileSetting",
      "CovenantProfileSetting",
      "TermSheetProfileSetting",
      "DealStructuringProfileSetting",
      "BiDashboardProfileSetting",
      "MarqProfileSetting",
      "MapProfileSetting",
      "RiskGradingProfileSetting",
      "ClimateEsgProfileSetting",
      "BenchmarkProfileSetting",
      "SaProfileSetting",
      "FinancialProfileSetting",
      "ApacProfileSetting",
      "EntityProfileSetting",
      "GeneralProfileSetting",
      "WorkflowProfileSetting",
      "ConfigProfileSetting",
      "AdminProfileSetting"
    ],
    "WFId_": "00000000-0000-0000-0000-000000000000",
    "TaskId_": "00000000-0000-0000-0000-000000000000",
    "VersionId_": 1,
    "BaseVersionId_": 0,
    "IsLatestVersion_": true,
    "IsDeleted_": false,
    "StatusId_": 1,
    "CreatedBy_": "admin",
    "CreatedDate_": "2025-07-04T22:56:01.732196Z",
    "UpdatedBy_": null,
    "UpdatedDate_": null,
    "t_": "FunctionalProfileSetting",
    "ContextUserId_": "admin",
    "IsValid_": true,
    "IsVisible_": true,
    "SnapshotId_": 0
  },
  {
    "ProfileId": "efd73b01-b18a-4c7e-8d21-9e1f468fcd23",
    "ProfileName": "Supervisor de Análisis",
    "Inapplicable_": [],
    "Associations_": [
      "CpProfileSetting",
      "SourcesUsesProfilesSetting",
      "DepositTracProfileSetting",
      "ExcelExportProfileSetting",
      "CreEaProfileSetting",
      "CreProfileSetting",
      "CovenantProfileSetting",
      "TermSheetProfileSetting",
      "DealStructuringProfileSetting",
      "BiDashboardProfileSetting",
      "MarqProfileSetting",
      "MapProfileSetting",
      "RiskGradingProfileSetting",
      "ClimateEsgProfileSetting",
      "BenchmarkProfileSetting",
      "SaProfileSetting",
      "FinancialProfileSetting",
      "ApacProfileSetting",
      "EntityProfileSetting",
      "GeneralProfileSetting",
      "WorkflowProfileSetting",
      "ConfigProfileSetting",
      "AdminProfileSetting"
    ],
    "WFId_": "00000000-0000-0000-0000-000000000000",
    "TaskId_": "00000000-0000-0000-0000-000000000000",
    "VersionId_": 1,
    "BaseVersionId_": 0,
    "IsLatestVersion_": true,
    "IsDeleted_": false,
    "StatusId_": 1,
    "CreatedBy_": "admin",
    "CreatedDate_": "2025-07-07T14:26:01.005809Z",
    "UpdatedBy_": null,
    "UpdatedDate_": null,
    "t_": "FunctionalProfileSetting",
    "ContextUserId_": "admin",
    "IsValid_": true,
    "IsVisible_": true,
    "SnapshotId_": 0
  },
  {
    "ProfileId": "15fc8d3e-0dde-4a3c-b9ea-2ebae498c3b3",
    "ProfileName": "Soporte",
    "Inapplicable_": [],
    "Associations_": [
      "CpProfileSetting",
      "SourcesUsesProfilesSetting",
      "DepositTracProfileSetting",
      "ExcelExportProfileSetting",
      "CreEaProfileSetting",
      "CreProfileSetting",
      "CovenantProfileSetting",
      "TermSheetProfileSetting",
      "DealStructuringProfileSetting",
      "BiDashboardProfileSetting",
      "MarqProfileSetting",
      "MapProfileSetting",
      "RiskGradingProfileSetting",
      "ClimateEsgProfileSetting",
      "BenchmarkProfileSetting",
      "SaProfileSetting",
      "FinancialProfileSetting",
      "ApacProfileSetting",
      "EntityProfileSetting",
      "GeneralProfileSetting",
      "WorkflowProfileSetting",
      "ConfigProfileSetting",
      "AdminProfileSetting"
    ],
    "WFId_": "00000000-0000-0000-0000-000000000000",
    "TaskId_": "00000000-0000-0000-0000-000000000000",
    "VersionId_": 1,
    "BaseVersionId_": 0,
    "IsLatestVersion_": true,
    "IsDeleted_": false,
    "StatusId_": 1,
    "CreatedBy_": "admin",
    "CreatedDate_": "2025-07-04T22:36:33.047914Z",
    "UpdatedBy_": null,
    "UpdatedDate_": null,
    "t_": "FunctionalProfileSetting",
    "ContextUserId_": "admin",
    "IsValid_": true,
    "IsVisible_": true,
    "SnapshotId_": 0
  },
  {
    "ProfileId": "6e92bbb0-b8c2-4e0a-8fdd-ecddb1bd65cc",
    "ProfileName": "Crédito PM",
    "Inapplicable_": [],
    "Associations_": [
      "CpProfileSetting",
      "SourcesUsesProfilesSetting",
      "DepositTracProfileSetting",
      "ExcelExportProfileSetting",
      "CreEaProfileSetting",
      "CreProfileSetting",
      "CovenantProfileSetting",
      "TermSheetProfileSetting",
      "DealStructuringProfileSetting",
      "BiDashboardProfileSetting",
      "MarqProfileSetting",
      "MapProfileSetting",
      "RiskGradingProfileSetting",
      "ClimateEsgProfileSetting",
      "BenchmarkProfileSetting",
      "SaProfileSetting",
      "FinancialProfileSetting",
      "ApacProfileSetting",
      "EntityProfileSetting",
      "GeneralProfileSetting",
      "WorkflowProfileSetting",
      "ConfigProfileSetting",
      "AdminProfileSetting"
    ],
    "WFId_": "00000000-0000-0000-0000-000000000000",
    "TaskId_": "00000000-0000-0000-0000-000000000000",
    "VersionId_": 1,
    "BaseVersionId_": 0,
    "IsLatestVersion_": true,
    "IsDeleted_": false,
    "StatusId_": 1,
    "CreatedBy_": "admin",
    "CreatedDate_": "2025-07-07T15:27:44.332096Z",
    "UpdatedBy_": null,
    "UpdatedDate_": null,
    "t_": "FunctionalProfileSetting",
    "ContextUserId_": "admin",
    "IsValid_": true,
    "IsVisible_": true,
    "SnapshotId_": 0
  },
  {
    "ProfileId": "a73aa2c4-99be-45d4-a93f-05ebb2147d85",
    "ProfileName": "Super Administrador",
    "Inapplicable_": [],
    "Associations_": [
      "CpProfileSetting",
      "SourcesUsesProfilesSetting",
      "DepositTracProfileSetting",
      "ExcelExportProfileSetting",
      "CreEaProfileSetting",
      "CreProfileSetting",
      "CovenantProfileSetting",
      "TermSheetProfileSetting",
      "DealStructuringProfileSetting",
      "BiDashboardProfileSetting",
      "MarqProfileSetting",
      "MapProfileSetting",
      "RiskGradingProfileSetting",
      "ClimateEsgProfileSetting",
      "BenchmarkProfileSetting",
      "SaProfileSetting",
      "FinancialProfileSetting",
      "ApacProfileSetting",
      "EntityProfileSetting",
      "GeneralProfileSetting",
      "WorkflowProfileSetting",
      "ConfigProfileSetting",
      "AdminProfileSetting"
    ],
    "WFId_": "00000000-0000-0000-0000-000000000000",
    "TaskId_": "00000000-0000-0000-0000-000000000000",
    "VersionId_": 2,
    "BaseVersionId_": 1,
    "IsLatestVersion_": true,
    "IsDeleted_": false,
    "StatusId_": 1,
    "CreatedBy_": "admin",
    "CreatedDate_": "2025-07-04T22:03:44.155916Z",
    "UpdatedBy_": "admin",
    "UpdatedDate_": "2025-07-07T16:41:58.559717Z",
    "t_": "FunctionalProfileSetting",
    "ContextUserId_": "admin",
    "IsValid_": true,
    "IsVisible_": true,
    "SnapshotId_": 0
  },
  {
    "ProfileId": "f86db2a4-9718-404a-a334-bb06d359d7dc",
    "ProfileName": "Director de Análisis",
    "Inapplicable_": [],
    "Associations_": [
      "CpProfileSetting",
      "SourcesUsesProfilesSetting",
      "DepositTracProfileSetting",
      "ExcelExportProfileSetting",
      "CreEaProfileSetting",
      "CreProfileSetting",
      "CovenantProfileSetting",
      "TermSheetProfileSetting",
      "DealStructuringProfileSetting",
      "BiDashboardProfileSetting",
      "MarqProfileSetting",
      "MapProfileSetting",
      "RiskGradingProfileSetting",
      "ClimateEsgProfileSetting",
      "BenchmarkProfileSetting",
      "SaProfileSetting",
      "FinancialProfileSetting",
      "ApacProfileSetting",
      "EntityProfileSetting",
      "GeneralProfileSetting",
      "WorkflowProfileSetting",
      "ConfigProfileSetting",
      "AdminProfileSetting"
    ],
    "WFId_": "00000000-0000-0000-0000-000000000000",
    "TaskId_": "00000000-0000-0000-0000-000000000000",
    "VersionId_": 2,
    "BaseVersionId_": 1,
    "IsLatestVersion_": true,
    "IsDeleted_": false,
    "StatusId_": 1,
    "CreatedBy_": "admin",
    "CreatedDate_": "2025-07-07T15:17:33.823046Z",
    "UpdatedBy_": "admin",
    "UpdatedDate_": "2025-07-07T17:01:04.010702Z",
    "t_": "FunctionalProfileSetting",
    "ContextUserId_": "admin",
    "IsValid_": true,
    "IsVisible_": true,
    "SnapshotId_": 0
  }
]