[
  {
    "PolicyCategoryId": "b5436f9c-0213-444b-8ae0-51f93e7dfce1",
    "Inapplicable_": [],
    "Associations_": [
      "FunctionalPolicy"
    ],
    "WFId_": "00000000-0000-0000-0000-000000000000",
    "TaskId_": "00000000-0000-0000-0000-000000000000",
    "VersionId_": 11,
    "BaseVersionId_": 10,
    "IsLatestVersion_": true,
    "IsDeleted_": false,
    "StatusId_": 1,
    "CreatedBy_": "admin",
    "CreatedDate_": "2025-04-09T09:04:21.952393Z",
    "UpdatedBy_": "admin",
    "UpdatedDate_": "2025-07-07T15:27:59.812424Z",
    "t_": "FunctionalPolicyMain",
    "ContextUserId_": "admin",
    "IsValid_": true,
    "IsVisible_": true,
    "SnapshotId_": 0
  }
]