[
  {
    "PolicyId": "04d60f17-e836-4157-9d54-78a29697783f",
    "PolicyCategoryId": "b5436f9c-0213-444b-8ae0-51f93e7dfce1",
    "FunctionalProfile": "a73aa2c4-99be-45d4-a93f-05ebb2147d85",
    "PolicyDescription": null,
    "Inapplicable_": [],
    "Associations_": [
      "UserDimension"
    ],
    "UserDimension": [
      {
        "DimensionId": "UserRole",
        "DimensionValue": "SA",
        "Operator": null,
        "Inapplicable_": []
      },
      {
        "DimensionId": "BusinessPortfolio",
        "DimensionValue": "ANY",
        "Operator": null,
        "Inapplicable_": []
      },
      {
        "DimensionId": "CreditPortfolio",
        "DimensionValue": "ANY",
        "Operator": null,
        "Inapplicable_": []
      }
    ],
    "WFId_": "00000000-0000-0000-0000-000000000000",
    "TaskId_": "00000000-0000-0000-0000-000000000000",
    "VersionId_": 1,
    "BaseVersionId_": 0,
    "IsLatestVersion_": true,
    "IsDeleted_": false,
    "StatusId_": 1,
    "CreatedBy_": "admin",
    "CreatedDate_": "2025-07-04T22:04:03.454972Z",
    "UpdatedBy_": null,
    "UpdatedDate_": null,
    "t_": "FunctionalPolicy",
    "ContextUserId_": "admin",
    "IsValid_": true,
    "IsVisible_": true,
    "SnapshotId_": 0
  },
  {
    "PolicyId": "3b1bce2e-70b7-426f-8714-cb39a76dd8b5",
    "PolicyCategoryId": "b5436f9c-0213-444b-8ae0-51f93e7dfce1",
    "FunctionalProfile": "92cf7b91-69ea-4cac-81cf-1fc5e578cfcd",
    "PolicyDescription": null,
    "Inapplicable_": [],
    "Associations_": [
      "UserDimension"
    ],
    "UserDimension": [
      {
        "DimensionId": "UserRole",
        "DimensionValue": "SE",
        "Operator": null,
        "Inapplicable_": []
      },
      {
        "DimensionId": "BusinessPortfolio",
        "DimensionValue": "ANY",
        "Operator": null,
        "Inapplicable_": []
      },
      {
        "DimensionId": "CreditPortfolio",
        "DimensionValue": "ANY",
        "Operator": null,
        "Inapplicable_": []
      }
    ],
    "WFId_": "00000000-0000-0000-0000-000000000000",
    "TaskId_": "00000000-0000-0000-0000-000000000000",
    "VersionId_": 1,
    "BaseVersionId_": 0,
    "IsLatestVersion_": true,
    "IsDeleted_": false,
    "StatusId_": 1,
    "CreatedBy_": "admin",
    "CreatedDate_": "2025-07-04T22:12:49.813549Z",
    "UpdatedBy_": null,
    "UpdatedDate_": null,
    "t_": "FunctionalPolicy",
    "ContextUserId_": "admin",
    "IsValid_": true,
    "IsVisible_": true,
    "SnapshotId_": 0
  },
  {
    "PolicyId": "ae7a3a4f-a9d5-4eee-8cdd-23195f9a65be",
    "PolicyCategoryId": "b5436f9c-0213-444b-8ae0-51f93e7dfce1",
    "FunctionalProfile": "15fc8d3e-0dde-4a3c-b9ea-2ebae498c3b3",
    "PolicyDescription": null,
    "Inapplicable_": [],
    "Associations_": [
      "UserDimension"
    ],
    "UserDimension": [
      {
        "DimensionId": "UserRole",
        "DimensionValue": "SO",
        "Operator": null,
        "Inapplicable_": []
      },
      {
        "DimensionId": "BusinessPortfolio",
        "DimensionValue": "ANY",
        "Operator": null,
        "Inapplicable_": []
      },
      {
        "DimensionId": "CreditPortfolio",
        "DimensionValue": "ANY",
        "Operator": null,
        "Inapplicable_": []
      }
    ],
    "WFId_": "00000000-0000-0000-0000-000000000000",
    "TaskId_": "00000000-0000-0000-0000-000000000000",
    "VersionId_": 1,
    "BaseVersionId_": 0,
    "IsLatestVersion_": true,
    "IsDeleted_": false,
    "StatusId_": 1,
    "CreatedBy_": "admin",
    "CreatedDate_": "2025-07-04T22:36:53.575387Z",
    "UpdatedBy_": null,
    "UpdatedDate_": null,
    "t_": "FunctionalPolicy",
    "ContextUserId_": "admin",
    "IsValid_": true,
    "IsVisible_": true,
    "SnapshotId_": 0
  },
  {
    "PolicyId": "6cc0ae35-7aaf-4bbe-86c5-fb88bb12d815",
    "PolicyCategoryId": "b5436f9c-0213-444b-8ae0-51f93e7dfce1",
    "FunctionalProfile": "efd73b01-b18a-4c7e-8d21-9e1f468fcd23",
    "PolicyDescription": null,
    "Inapplicable_": [],
    "Associations_": [
      "UserDimension"
    ],
    "UserDimension": [
      {
        "DimensionId": "UserRole",
        "DimensionValue": "SU",
        "Operator": null,
        "Inapplicable_": []
      },
      {
        "DimensionId": "BusinessPortfolio",
        "DimensionValue": "ANY",
        "Operator": null,
        "Inapplicable_": []
      },
      {
        "DimensionId": "CreditPortfolio",
        "DimensionValue": "ANY",
        "Operator": null,
        "Inapplicable_": []
      }
    ],
    "WFId_": "00000000-0000-0000-0000-000000000000",
    "TaskId_": "00000000-0000-0000-0000-000000000000",
    "VersionId_": 1,
    "BaseVersionId_": 0,
    "IsLatestVersion_": true,
    "IsDeleted_": false,
    "StatusId_": 1,
    "CreatedBy_": "admin",
    "CreatedDate_": "2025-07-07T14:26:26.753252Z",
    "UpdatedBy_": null,
    "UpdatedDate_": null,
    "t_": "FunctionalPolicy",
    "ContextUserId_": "admin",
    "IsValid_": true,
    "IsVisible_": true,
    "SnapshotId_": 0
  },
  {
    "PolicyId": "f2bcac83-61e8-4e85-bcaf-6fb6a34072fe",
    "PolicyCategoryId": "b5436f9c-0213-444b-8ae0-51f93e7dfce1",
    "FunctionalProfile": "4b5f7e4e-9b7c-488b-baea-0fcc850449a5",
    "PolicyDescription": null,
    "Inapplicable_": [],
    "Associations_": [
      "UserDimension"
    ],
    "UserDimension": [
      {
        "DimensionId": "UserRole",
        "DimensionValue": "AC",
        "Operator": null,
        "Inapplicable_": []
      },
      {
        "DimensionId": "BusinessPortfolio",
        "DimensionValue": "ANY",
        "Operator": null,
        "Inapplicable_": []
      },
      {
        "DimensionId": "CreditPortfolio",
        "DimensionValue": "ANY",
        "Operator": null,
        "Inapplicable_": []
      }
    ],
    "WFId_": "00000000-0000-0000-0000-000000000000",
    "TaskId_": "00000000-0000-0000-0000-000000000000",
    "VersionId_": 1,
    "BaseVersionId_": 0,
    "IsLatestVersion_": true,
    "IsDeleted_": false,
    "StatusId_": 1,
    "CreatedBy_": "admin",
    "CreatedDate_": "2025-07-07T14:28:40.034148Z",
    "UpdatedBy_": null,
    "UpdatedDate_": null,
    "t_": "FunctionalPolicy",
    "ContextUserId_": "admin",
    "IsValid_": true,
    "IsVisible_": true,
    "SnapshotId_": 0
  },
  {
    "PolicyId": "1bfbaee4-56d5-475d-97ff-c7969c5ed1d7",
    "PolicyCategoryId": "b5436f9c-0213-444b-8ae0-51f93e7dfce1",
    "FunctionalProfile": "f86db2a4-9718-404a-a334-bb06d359d7dc",
    "PolicyDescription": null,
    "Inapplicable_": [],
    "Associations_": [
      "UserDimension"
    ],
    "UserDimension": [
      {
        "DimensionId": "UserRole",
        "DimensionValue": "DA",
        "Operator": null,
        "Inapplicable_": []
      },
      {
        "DimensionId": "BusinessPortfolio",
        "DimensionValue": "ANY",
        "Operator": null,
        "Inapplicable_": []
      },
      {
        "DimensionId": "CreditPortfolio",
        "DimensionValue": "ANY",
        "Operator": null,
        "Inapplicable_": []
      }
    ],
    "WFId_": "00000000-0000-0000-0000-000000000000",
    "TaskId_": "00000000-0000-0000-0000-000000000000",
    "VersionId_": 1,
    "BaseVersionId_": 0,
    "IsLatestVersion_": true,
    "IsDeleted_": false,
    "StatusId_": 1,
    "CreatedBy_": "admin",
    "CreatedDate_": "2025-07-07T15:17:50.506675Z",
    "UpdatedBy_": null,
    "UpdatedDate_": null,
    "t_": "FunctionalPolicy",
    "ContextUserId_": "admin",
    "IsValid_": true,
    "IsVisible_": true,
    "SnapshotId_": 0
  },
  {
    "PolicyId": "0eb3debb-138c-4525-9fc4-8819132f497e",
    "PolicyCategoryId": "b5436f9c-0213-444b-8ae0-51f93e7dfce1",
    "FunctionalProfile": "6e92bbb0-b8c2-4e0a-8fdd-ecddb1bd65cc",
    "PolicyDescription": null,
    "Inapplicable_": [],
    "Associations_": [
      "UserDimension"
    ],
    "UserDimension": [
      {
        "DimensionId": "UserRole",
        "DimensionValue": "CPM",
        "Operator": null,
        "Inapplicable_": []
      },
      {
        "DimensionId": "BusinessPortfolio",
        "DimensionValue": "ANY",
        "Operator": null,
        "Inapplicable_": []
      },
      {
        "DimensionId": "CreditPortfolio",
        "DimensionValue": "ANY",
        "Operator": null,
        "Inapplicable_": []
      }
    ],
    "WFId_": "00000000-0000-0000-0000-000000000000",
    "TaskId_": "00000000-0000-0000-0000-000000000000",
    "VersionId_": 1,
    "BaseVersionId_": 0,
    "IsLatestVersion_": true,
    "IsDeleted_": false,
    "StatusId_": 1,
    "CreatedBy_": "admin",
    "CreatedDate_": "2025-07-07T15:27:59.834922Z",
    "UpdatedBy_": null,
    "UpdatedDate_": null,
    "t_": "FunctionalPolicy",
    "ContextUserId_": "admin",
    "IsValid_": true,
    "IsVisible_": true,
    "SnapshotId_": 0
  }
]