[
  {
    "GeneralProfileSettingId": "72b741e9-b6cc-46d3-bb30-30f781b5e74f",
    "AlertsAccess": true,
    "DocumentsAccess": true,
    "FunctionalProfileSettingId": "92cf7b91-69ea-4cac-81cf-1fc5e578cfcd",
    "ReportsAccess": true,
    "ChecklistItemAccess": null,
    "Inapplicable_": [],
    "WFId_": "00000000-0000-0000-0000-000000000000",
    "TaskId_": "00000000-0000-0000-0000-000000000000",
    "VersionId_": 2,
    "BaseVersionId_": 1,
    "IsLatestVersion_": true,
    "IsDeleted_": false,
    "StatusId_": 1,
    "CreatedBy_": "admin",
    "CreatedDate_": "2025-07-04T22:12:23.165745Z",
    "UpdatedBy_": "admin",
    "UpdatedDate_": "2025-07-04T22:19:04.393982Z",
    "t_": "GeneralProfileSetting",
    "ContextUserId_": "admin",
    "IsValid_": true,
    "IsVisible_": true,
    "SnapshotId_": 0
  },
  {
    "GeneralProfileSettingId": "6b33499f-cd51-45c1-b606-f1c434209c83",
    "AlertsAccess": true,
    "DocumentsAccess": true,
    "FunctionalProfileSettingId": "70d20584-3252-4b5b-a6ed-26756db666b7",
    "ReportsAccess": true,
    "ChecklistItemAccess": true,
    "Inapplicable_": [],
    "WFId_": "00000000-0000-0000-0000-000000000000",
    "TaskId_": "00000000-0000-0000-0000-000000000000",
    "VersionId_": 4,
    "BaseVersionId_": 3,
    "IsLatestVersion_": true,
    "IsDeleted_": false,
    "StatusId_": 1,
    "CreatedBy_": "admin",
    "CreatedDate_": "2025-04-09T09:04:21.952393Z",
    "UpdatedBy_": "admin",
    "UpdatedDate_": "2025-06-24T19:06:58.158046Z",
    "t_": "GeneralProfileSetting",
    "ContextUserId_": "admin",
    "IsValid_": true,
    "IsVisible_": true,
    "SnapshotId_": 0
  },
  {
    "GeneralProfileSettingId": "a2f14140-8f1e-4d7a-848e-0f0a59422e8a",
    "AlertsAccess": null,
    "DocumentsAccess": true,
    "FunctionalProfileSettingId": "15fc8d3e-0dde-4a3c-b9ea-2ebae498c3b3",
    "ReportsAccess": true,
    "ChecklistItemAccess": null,
    "Inapplicable_": [],
    "WFId_": "00000000-0000-0000-0000-000000000000",
    "TaskId_": "00000000-0000-0000-0000-000000000000",
    "VersionId_": 1,
    "BaseVersionId_": 0,
    "IsLatestVersion_": true,
    "IsDeleted_": false,
    "StatusId_": 1,
    "CreatedBy_": "admin",
    "CreatedDate_": "2025-07-04T22:36:33.248244Z",
    "UpdatedBy_": null,
    "UpdatedDate_": null,
    "t_": "GeneralProfileSetting",
    "ContextUserId_": "admin",
    "IsValid_": true,
    "IsVisible_": true,
    "SnapshotId_": 0
  },
  {
    "GeneralProfileSettingId": "440d19a2-6ddd-42df-8b39-06d6fd4707d1",
    "AlertsAccess": true,
    "DocumentsAccess": true,
    "FunctionalProfileSettingId": "4b5f7e4e-9b7c-488b-baea-0fcc850449a5",
    "ReportsAccess": true,
    "ChecklistItemAccess": null,
    "Inapplicable_": [],
    "WFId_": "00000000-0000-0000-0000-000000000000",
    "TaskId_": "00000000-0000-0000-0000-000000000000",
    "VersionId_": 1,
    "BaseVersionId_": 0,
    "IsLatestVersion_": true,
    "IsDeleted_": false,
    "StatusId_": 1,
    "CreatedBy_": "admin",
    "CreatedDate_": "2025-07-04T22:56:01.92001Z",
    "UpdatedBy_": null,
    "UpdatedDate_": null,
    "t_": "GeneralProfileSetting",
    "ContextUserId_": "admin",
    "IsValid_": true,
    "IsVisible_": true,
    "SnapshotId_": 0
  },
  {
    "GeneralProfileSettingId": "5f98fa42-650a-4cce-be46-475e95f0cdaf",
    "AlertsAccess": true,
    "DocumentsAccess": true,
    "FunctionalProfileSettingId": "efd73b01-b18a-4c7e-8d21-9e1f468fcd23",
    "ReportsAccess": true,
    "ChecklistItemAccess": false,
    "Inapplicable_": [],
    "WFId_": "00000000-0000-0000-0000-000000000000",
    "TaskId_": "00000000-0000-0000-0000-000000000000",
    "VersionId_": 1,
    "BaseVersionId_": 0,
    "IsLatestVersion_": true,
    "IsDeleted_": false,
    "StatusId_": 1,
    "CreatedBy_": "admin",
    "CreatedDate_": "2025-07-07T14:26:01.177383Z",
    "UpdatedBy_": null,
    "UpdatedDate_": null,
    "t_": "GeneralProfileSetting",
    "ContextUserId_": "admin",
    "IsValid_": true,
    "IsVisible_": true,
    "SnapshotId_": 0
  },
  {
    "GeneralProfileSettingId": "4f470c08-ab9c-4885-af1d-c63102684da3",
    "AlertsAccess": true,
    "DocumentsAccess": true,
    "FunctionalProfileSettingId": "6e92bbb0-b8c2-4e0a-8fdd-ecddb1bd65cc",
    "ReportsAccess": true,
    "ChecklistItemAccess": null,
    "Inapplicable_": [],
    "WFId_": "00000000-0000-0000-0000-000000000000",
    "TaskId_": "00000000-0000-0000-0000-000000000000",
    "VersionId_": 1,
    "BaseVersionId_": 0,
    "IsLatestVersion_": true,
    "IsDeleted_": false,
    "StatusId_": 1,
    "CreatedBy_": "admin",
    "CreatedDate_": "2025-07-07T15:27:44.551409Z",
    "UpdatedBy_": null,
    "UpdatedDate_": null,
    "t_": "GeneralProfileSetting",
    "ContextUserId_": "admin",
    "IsValid_": true,
    "IsVisible_": true,
    "SnapshotId_": 0
  },
  {
    "GeneralProfileSettingId": "08c8c720-9d3a-4da2-8988-6e8b2348b25e",
    "AlertsAccess": true,
    "DocumentsAccess": true,
    "FunctionalProfileSettingId": "a73aa2c4-99be-45d4-a93f-05ebb2147d85",
    "ReportsAccess": true,
    "ChecklistItemAccess": true,
    "Inapplicable_": [],
    "WFId_": "00000000-0000-0000-0000-000000000000",
    "TaskId_": "00000000-0000-0000-0000-000000000000",
    "VersionId_": 2,
    "BaseVersionId_": 1,
    "IsLatestVersion_": true,
    "IsDeleted_": false,
    "StatusId_": 1,
    "CreatedBy_": "admin",
    "CreatedDate_": "2025-07-04T22:03:44.537177Z",
    "UpdatedBy_": "admin",
    "UpdatedDate_": "2025-07-07T16:41:58.681644Z",
    "t_": "GeneralProfileSetting",
    "ContextUserId_": "admin",
    "IsValid_": true,
    "IsVisible_": true,
    "SnapshotId_": 0
  },
  {
    "GeneralProfileSettingId": "2aaab229-28df-4a1b-b44e-fa3c3dc288ad",
    "AlertsAccess": true,
    "DocumentsAccess": true,
    "FunctionalProfileSettingId": "f86db2a4-9718-404a-a334-bb06d359d7dc",
    "ReportsAccess": true,
    "ChecklistItemAccess": true,
    "Inapplicable_": [],
    "WFId_": "00000000-0000-0000-0000-000000000000",
    "TaskId_": "00000000-0000-0000-0000-000000000000",
    "VersionId_": 2,
    "BaseVersionId_": 1,
    "IsLatestVersion_": true,
    "IsDeleted_": false,
    "StatusId_": 1,
    "CreatedBy_": "admin",
    "CreatedDate_": "2025-07-07T15:17:34.033966Z",
    "UpdatedBy_": "admin",
    "UpdatedDate_": "2025-07-07T17:01:04.037266Z",
    "t_": "GeneralProfileSetting",
    "ContextUserId_": "admin",
    "IsValid_": true,
    "IsVisible_": true,
    "SnapshotId_": 0
  }
]