[
  {
    "ReisSystemSettingId": "72f752f9-76d3-481b-b23e-4a9e481bf972",
    "ReisApiLoginUrl": "https://api.moodyscre.com/reis/login?grant_type=client_credentials",
    "ReisApiMarketEndpoint": "/ExecutiveBriefing",
    "ReisApiMsaLookupEndpoint": "/StaticData/MsaLookup",
    "ReisApiPropertyEndpoint": "/Property",
    "ReisApiSubmarketEndpoint": "/SubMarketOverview",
    "ReisApiTrendMarketEndpoint": "/Trend/Market",
    "ReisApiTrendSubmarketEndpoint": "/Trend/Submarket",
    "ReisApiWebSearchUrl": "https://api-web-components.reis.com/search?q={0}&api-key={1}",
    "ReisDefaultCurrency": "USD",
    "ReisDefaultUnitOfMeasure": "Feet",
    "ReisScreenshotStyleUrl": "https://web-components.reis.com/clients/creditlens/theme-v1.css",
    "ReisSnapshotThreadCount": 4,
    "ReisSnapshotsUrl": "https://api-web-components.reis.com/getComponentScreenshots",
    "ReisUrl": "https://api.moodyscre.com/reis",
    "SystemSettingId": "14700269-cb8b-462e-ae1d-16816ffa19f7",
    "MoodysClsLinkUrl": "https://cls.moodysanalytics.com/cls/login",
    "ReisAdditionalMarketData": false,
    "Inapplicable_": [],
    "WFId_": "00000000-0000-0000-0000-000000000000",
    "TaskId_": "00000000-0000-0000-0000-000000000000",
    "VersionId_": 5,
    "BaseVersionId_": 3,
    "IsLatestVersion_": true,
    "IsDeleted_": false,
    "StatusId_": 1,
    "CreatedBy_": "admin",
    "CreatedDate_": "2025-04-09T09:04:21.952393Z",
    "UpdatedBy_": "admin",
    "UpdatedDate_": "2025-06-24T19:06:59.042411Z",
    "t_": "ReisSystemSetting",
    "ContextUserId_": "admin",
    "IsValid_": true,
    "IsVisible_": true,
    "SnapshotId_": 0
  }
]