[
  {
    "RiskGradingProfileSettingId": "9ecedf42-fc3d-4527-8c8a-7535401217cb",
    "ApproveRating": true,
    "AutoApprove": true,
    "CanAddCreditBureauReport": true,
    "CanCreateRatingReport": true,
    "CanDeleteCbReportHistory": true,
    "Cascade": true,
    "FunctionalProfileSettingId": "a73aa2c4-99be-45d4-a93f-05ebb2147d85",
    "HistoricalRating": true,
    "LegacyResourceAccess": true,
    "ModelStructure": true,
    "Override": true,
    "RejectOverride": true,
    "RiskGradingModuleAccess": true,
    "SetDefaultFlag": true,
    "ValidPeerLandLurl": true,
    "ValidRcLandLurl": true,
    "OnPeerLaunch": true,
    "Inapplicable_": [],
    "WFId_": "00000000-0000-0000-0000-000000000000",
    "TaskId_": "00000000-0000-0000-0000-000000000000",
    "VersionId_": 1,
    "BaseVersionId_": 0,
    "IsLatestVersion_": true,
    "IsDeleted_": false,
    "StatusId_": 1,
    "CreatedBy_": "admin",
    "CreatedDate_": "2025-07-04T22:03:44.362244Z",
    "UpdatedBy_": null,
    "UpdatedDate_": null,
    "t_": "RiskGradingProfileSetting",
    "ContextUserId_": "admin",
    "IsValid_": true,
    "IsVisible_": true,
    "SnapshotId_": 0
  },
  {
    "RiskGradingProfileSettingId": "b181cab3-1331-41ac-b3ef-063eb4bc1097",
    "ApproveRating": null,
    "AutoApprove": null,
    "CanAddCreditBureauReport": null,
    "CanCreateRatingReport": null,
    "CanDeleteCbReportHistory": null,
    "Cascade": null,
    "FunctionalProfileSettingId": "92cf7b91-69ea-4cac-81cf-1fc5e578cfcd",
    "HistoricalRating": null,
    "LegacyResourceAccess": null,
    "ModelStructure": null,
    "Override": null,
    "RejectOverride": null,
    "RiskGradingModuleAccess": null,
    "SetDefaultFlag": null,
    "ValidPeerLandLurl": null,
    "ValidRcLandLurl": null,
    "OnPeerLaunch": null,
    "Inapplicable_": [],
    "WFId_": "00000000-0000-0000-0000-000000000000",
    "TaskId_": "00000000-0000-0000-0000-000000000000",
    "VersionId_": 1,
    "BaseVersionId_": 0,
    "IsLatestVersion_": true,
    "IsDeleted_": false,
    "StatusId_": 1,
    "CreatedBy_": "admin",
    "CreatedDate_": "2025-07-04T22:12:23.062631Z",
    "UpdatedBy_": null,
    "UpdatedDate_": null,
    "t_": "RiskGradingProfileSetting",
    "ContextUserId_": "admin",
    "IsValid_": true,
    "IsVisible_": true,
    "SnapshotId_": 0
  },
  {
    "RiskGradingProfileSettingId": "5e313299-4e50-47c5-8c70-93b429fe5b66",
    "ApproveRating": null,
    "AutoApprove": null,
    "CanAddCreditBureauReport": null,
    "CanCreateRatingReport": null,
    "CanDeleteCbReportHistory": null,
    "Cascade": null,
    "FunctionalProfileSettingId": "15fc8d3e-0dde-4a3c-b9ea-2ebae498c3b3",
    "HistoricalRating": null,
    "LegacyResourceAccess": null,
    "ModelStructure": null,
    "Override": null,
    "RejectOverride": null,
    "RiskGradingModuleAccess": null,
    "SetDefaultFlag": null,
    "ValidPeerLandLurl": null,
    "ValidRcLandLurl": null,
    "OnPeerLaunch": null,
    "Inapplicable_": [],
    "WFId_": "00000000-0000-0000-0000-000000000000",
    "TaskId_": "00000000-0000-0000-0000-000000000000",
    "VersionId_": 1,
    "BaseVersionId_": 0,
    "IsLatestVersion_": true,
    "IsDeleted_": false,
    "StatusId_": 1,
    "CreatedBy_": "admin",
    "CreatedDate_": "2025-07-04T22:36:33.149006Z",
    "UpdatedBy_": null,
    "UpdatedDate_": null,
    "t_": "RiskGradingProfileSetting",
    "ContextUserId_": "admin",
    "IsValid_": true,
    "IsVisible_": true,
    "SnapshotId_": 0
  },
  {
    "RiskGradingProfileSettingId": "4d1f47e9-19ec-4e2d-a222-af10743364d7",
    "ApproveRating": null,
    "AutoApprove": true,
    "CanAddCreditBureauReport": true,
    "CanCreateRatingReport": true,
    "CanDeleteCbReportHistory": true,
    "Cascade": true,
    "FunctionalProfileSettingId": "4b5f7e4e-9b7c-488b-baea-0fcc850449a5",
    "HistoricalRating": true,
    "LegacyResourceAccess": true,
    "ModelStructure": true,
    "Override": true,
    "RejectOverride": true,
    "RiskGradingModuleAccess": true,
    "SetDefaultFlag": true,
    "ValidPeerLandLurl": true,
    "ValidRcLandLurl": true,
    "OnPeerLaunch": true,
    "Inapplicable_": [],
    "WFId_": "00000000-0000-0000-0000-000000000000",
    "TaskId_": "00000000-0000-0000-0000-000000000000",
    "VersionId_": 1,
    "BaseVersionId_": 0,
    "IsLatestVersion_": true,
    "IsDeleted_": false,
    "StatusId_": 1,
    "CreatedBy_": "admin",
    "CreatedDate_": "2025-07-04T22:56:01.815744Z",
    "UpdatedBy_": null,
    "UpdatedDate_": null,
    "t_": "RiskGradingProfileSetting",
    "ContextUserId_": "admin",
    "IsValid_": true,
    "IsVisible_": true,
    "SnapshotId_": 0
  },
  {
    "RiskGradingProfileSettingId": "c871f255-0d35-4c0e-bf18-32aa15b6fc1c",
    "ApproveRating": true,
    "AutoApprove": true,
    "CanAddCreditBureauReport": true,
    "CanCreateRatingReport": true,
    "CanDeleteCbReportHistory": true,
    "Cascade": true,
    "FunctionalProfileSettingId": "70d20584-3252-4b5b-a6ed-26756db666b7",
    "HistoricalRating": true,
    "LegacyResourceAccess": true,
    "ModelStructure": true,
    "Override": true,
    "RejectOverride": true,
    "RiskGradingModuleAccess": true,
    "SetDefaultFlag": true,
    "ValidPeerLandLurl": true,
    "ValidRcLandLurl": true,
    "OnPeerLaunch": true,
    "Inapplicable_": [],
    "WFId_": "00000000-0000-0000-0000-000000000000",
    "TaskId_": "00000000-0000-0000-0000-000000000000",
    "VersionId_": 4,
    "BaseVersionId_": 3,
    "IsLatestVersion_": true,
    "IsDeleted_": false,
    "StatusId_": 1,
    "CreatedBy_": "admin",
    "CreatedDate_": "2025-04-09T09:04:21.952393Z",
    "UpdatedBy_": "admin",
    "UpdatedDate_": "2025-06-24T19:06:57.857688Z",
    "t_": "RiskGradingProfileSetting",
    "ContextUserId_": "admin",
    "IsValid_": true,
    "IsVisible_": true,
    "SnapshotId_": 0
  },
  {
    "RiskGradingProfileSettingId": "233d8bab-8305-4bd4-932d-c5831a3362ce",
    "ApproveRating": true,
    "AutoApprove": true,
    "CanAddCreditBureauReport": true,
    "CanCreateRatingReport": true,
    "CanDeleteCbReportHistory": true,
    "Cascade": true,
    "FunctionalProfileSettingId": "efd73b01-b18a-4c7e-8d21-9e1f468fcd23",
    "HistoricalRating": true,
    "LegacyResourceAccess": true,
    "ModelStructure": true,
    "Override": true,
    "RejectOverride": true,
    "RiskGradingModuleAccess": true,
    "SetDefaultFlag": true,
    "ValidPeerLandLurl": true,
    "ValidRcLandLurl": true,
    "OnPeerLaunch": true,
    "Inapplicable_": [],
    "WFId_": "00000000-0000-0000-0000-000000000000",
    "TaskId_": "00000000-0000-0000-0000-000000000000",
    "VersionId_": 1,
    "BaseVersionId_": 0,
    "IsLatestVersion_": true,
    "IsDeleted_": false,
    "StatusId_": 1,
    "CreatedBy_": "admin",
    "CreatedDate_": "2025-07-07T14:26:01.092116Z",
    "UpdatedBy_": null,
    "UpdatedDate_": null,
    "t_": "RiskGradingProfileSetting",
    "ContextUserId_": "admin",
    "IsValid_": true,
    "IsVisible_": true,
    "SnapshotId_": 0
  },
  {
    "RiskGradingProfileSettingId": "b7eab9fb-467c-4f01-a2d3-3091b7f3a632",
    "ApproveRating": true,
    "AutoApprove": true,
    "CanAddCreditBureauReport": true,
    "CanCreateRatingReport": true,
    "CanDeleteCbReportHistory": true,
    "Cascade": true,
    "FunctionalProfileSettingId": "f86db2a4-9718-404a-a334-bb06d359d7dc",
    "HistoricalRating": true,
    "LegacyResourceAccess": true,
    "ModelStructure": true,
    "Override": true,
    "RejectOverride": true,
    "RiskGradingModuleAccess": true,
    "SetDefaultFlag": true,
    "ValidPeerLandLurl": true,
    "ValidRcLandLurl": true,
    "OnPeerLaunch": true,
    "Inapplicable_": [],
    "WFId_": "00000000-0000-0000-0000-000000000000",
    "TaskId_": "00000000-0000-0000-0000-000000000000",
    "VersionId_": 1,
    "BaseVersionId_": 0,
    "IsLatestVersion_": true,
    "IsDeleted_": false,
    "StatusId_": 1,
    "CreatedBy_": "admin",
    "CreatedDate_": "2025-07-07T15:17:33.920208Z",
    "UpdatedBy_": null,
    "UpdatedDate_": null,
    "t_": "RiskGradingProfileSetting",
    "ContextUserId_": "admin",
    "IsValid_": true,
    "IsVisible_": true,
    "SnapshotId_": 0
  },
  {
    "RiskGradingProfileSettingId": "c2496c34-1f8b-421e-9824-66fc2e7c166c",
    "ApproveRating": null,
    "AutoApprove": null,
    "CanAddCreditBureauReport": true,
    "CanCreateRatingReport": true,
    "CanDeleteCbReportHistory": true,
    "Cascade": null,
    "FunctionalProfileSettingId": "6e92bbb0-b8c2-4e0a-8fdd-ecddb1bd65cc",
    "HistoricalRating": true,
    "LegacyResourceAccess": null,
    "ModelStructure": null,
    "Override": null,
    "RejectOverride": null,
    "RiskGradingModuleAccess": true,
    "SetDefaultFlag": null,
    "ValidPeerLandLurl": null,
    "ValidRcLandLurl": null,
    "OnPeerLaunch": null,
    "Inapplicable_": [],
    "WFId_": "00000000-0000-0000-0000-000000000000",
    "TaskId_": "00000000-0000-0000-0000-000000000000",
    "VersionId_": 1,
    "BaseVersionId_": 0,
    "IsLatestVersion_": true,
    "IsDeleted_": false,
    "StatusId_": 1,
    "CreatedBy_": "admin",
    "CreatedDate_": "2025-07-07T15:27:44.450263Z",
    "UpdatedBy_": null,
    "UpdatedDate_": null,
    "t_": "RiskGradingProfileSetting",
    "ContextUserId_": "admin",
    "IsValid_": true,
    "IsVisible_": true,
    "SnapshotId_": 0
  }
]