[
  {
    "SaProfileSettingId": "9e23d08a-1583-4fb9-b720-3852f3dba7b4",
    "FunctionalProfileSettingId": "a73aa2c4-99be-45d4-a93f-05ebb2147d85",
    "SaModuleAccess": true,
    "UploadDocument": true,
    "ReviewDocument": true,
    "DeleteDocument": true,
    "ResubmitDocument": true,
    "ImportDocument": true,
    "Inapplicable_": [],
    "WFId_": "00000000-0000-0000-0000-000000000000",
    "TaskId_": "00000000-0000-0000-0000-000000000000",
    "VersionId_": 1,
    "BaseVersionId_": 0,
    "IsLatestVersion_": true,
    "IsDeleted_": false,
    "StatusId_": 1,
    "CreatedBy_": "admin",
    "CreatedDate_": "2025-07-04T22:03:44.395097Z",
    "UpdatedBy_": null,
    "UpdatedDate_": null,
    "t_": "SaProfileSetting",
    "ContextUserId_": "admin",
    "IsValid_": true,
    "IsVisible_": true,
    "SnapshotId_": 0
  },
  {
    "SaProfileSettingId": "1186b81a-3b78-4731-bdec-5451c3a089dc",
    "FunctionalProfileSettingId": "92cf7b91-69ea-4cac-81cf-1fc5e578cfcd",
    "SaModuleAccess": null,
    "UploadDocument": null,
    "ReviewDocument": null,
    "DeleteDocument": null,
    "ResubmitDocument": null,
    "ImportDocument": null,
    "Inapplicable_": [],
    "WFId_": "00000000-0000-0000-0000-000000000000",
    "TaskId_": "00000000-0000-0000-0000-000000000000",
    "VersionId_": 1,
    "BaseVersionId_": 0,
    "IsLatestVersion_": true,
    "IsDeleted_": false,
    "StatusId_": 1,
    "CreatedBy_": "admin",
    "CreatedDate_": "2025-07-04T22:12:23.094685Z",
    "UpdatedBy_": null,
    "UpdatedDate_": null,
    "t_": "SaProfileSetting",
    "ContextUserId_": "admin",
    "IsValid_": true,
    "IsVisible_": true,
    "SnapshotId_": 0
  },
  {
    "SaProfileSettingId": "163fcfb6-4d61-4bc1-bfe6-47eef9a0312e",
    "FunctionalProfileSettingId": "15fc8d3e-0dde-4a3c-b9ea-2ebae498c3b3",
    "SaModuleAccess": null,
    "UploadDocument": null,
    "ReviewDocument": null,
    "DeleteDocument": null,
    "ResubmitDocument": null,
    "ImportDocument": null,
    "Inapplicable_": [],
    "WFId_": "00000000-0000-0000-0000-000000000000",
    "TaskId_": "00000000-0000-0000-0000-000000000000",
    "VersionId_": 1,
    "BaseVersionId_": 0,
    "IsLatestVersion_": true,
    "IsDeleted_": false,
    "StatusId_": 1,
    "CreatedBy_": "admin",
    "CreatedDate_": "2025-07-04T22:36:33.173404Z",
    "UpdatedBy_": null,
    "UpdatedDate_": null,
    "t_": "SaProfileSetting",
    "ContextUserId_": "admin",
    "IsValid_": true,
    "IsVisible_": true,
    "SnapshotId_": 0
  },
  {
    "SaProfileSettingId": "5deefef2-f4c9-4b7f-b921-e6c8bc85fdd8",
    "FunctionalProfileSettingId": "70d20584-3252-4b5b-a6ed-26756db666b7",
    "SaModuleAccess": true,
    "UploadDocument": true,
    "ReviewDocument": true,
    "DeleteDocument": true,
    "ResubmitDocument": true,
    "ImportDocument": true,
    "Inapplicable_": [],
    "WFId_": "00000000-0000-0000-0000-000000000000",
    "TaskId_": "00000000-0000-0000-0000-000000000000",
    "VersionId_": 4,
    "BaseVersionId_": 3,
    "IsLatestVersion_": true,
    "IsDeleted_": false,
    "StatusId_": 1,
    "CreatedBy_": "admin",
    "CreatedDate_": "2025-04-09T09:04:21.952393Z",
    "UpdatedBy_": "admin",
    "UpdatedDate_": "2025-06-24T19:06:57.984524Z",
    "t_": "SaProfileSetting",
    "ContextUserId_": "admin",
    "IsValid_": true,
    "IsVisible_": true,
    "SnapshotId_": 0
  },
  {
    "SaProfileSettingId": "60abcbcf-3d44-4221-ad48-7c2421df0861",
    "FunctionalProfileSettingId": "4b5f7e4e-9b7c-488b-baea-0fcc850449a5",
    "SaModuleAccess": true,
    "UploadDocument": true,
    "ReviewDocument": true,
    "DeleteDocument": true,
    "ResubmitDocument": true,
    "ImportDocument": true,
    "Inapplicable_": [],
    "WFId_": "00000000-0000-0000-0000-000000000000",
    "TaskId_": "00000000-0000-0000-0000-000000000000",
    "VersionId_": 1,
    "BaseVersionId_": 0,
    "IsLatestVersion_": true,
    "IsDeleted_": false,
    "StatusId_": 1,
    "CreatedBy_": "admin",
    "CreatedDate_": "2025-07-04T22:56:01.840333Z",
    "UpdatedBy_": null,
    "UpdatedDate_": null,
    "t_": "SaProfileSetting",
    "ContextUserId_": "admin",
    "IsValid_": true,
    "IsVisible_": true,
    "SnapshotId_": 0
  },
  {
    "SaProfileSettingId": "b862890e-b82f-4aae-9fbd-759705ee3bbf",
    "FunctionalProfileSettingId": "efd73b01-b18a-4c7e-8d21-9e1f468fcd23",
    "SaModuleAccess": true,
    "UploadDocument": true,
    "ReviewDocument": true,
    "DeleteDocument": true,
    "ResubmitDocument": true,
    "ImportDocument": true,
    "Inapplicable_": [],
    "WFId_": "00000000-0000-0000-0000-000000000000",
    "TaskId_": "00000000-0000-0000-0000-000000000000",
    "VersionId_": 1,
    "BaseVersionId_": 0,
    "IsLatestVersion_": true,
    "IsDeleted_": false,
    "StatusId_": 1,
    "CreatedBy_": "admin",
    "CreatedDate_": "2025-07-07T14:26:01.113196Z",
    "UpdatedBy_": null,
    "UpdatedDate_": null,
    "t_": "SaProfileSetting",
    "ContextUserId_": "admin",
    "IsValid_": true,
    "IsVisible_": true,
    "SnapshotId_": 0
  },
  {
    "SaProfileSettingId": "5965c094-b80c-4c5f-8205-bd51c13ae757",
    "FunctionalProfileSettingId": "f86db2a4-9718-404a-a334-bb06d359d7dc",
    "SaModuleAccess": true,
    "UploadDocument": true,
    "ReviewDocument": true,
    "DeleteDocument": true,
    "ResubmitDocument": true,
    "ImportDocument": true,
    "Inapplicable_": [],
    "WFId_": "00000000-0000-0000-0000-000000000000",
    "TaskId_": "00000000-0000-0000-0000-000000000000",
    "VersionId_": 1,
    "BaseVersionId_": 0,
    "IsLatestVersion_": true,
    "IsDeleted_": false,
    "StatusId_": 1,
    "CreatedBy_": "admin",
    "CreatedDate_": "2025-07-07T15:17:33.950376Z",
    "UpdatedBy_": null,
    "UpdatedDate_": null,
    "t_": "SaProfileSetting",
    "ContextUserId_": "admin",
    "IsValid_": true,
    "IsVisible_": true,
    "SnapshotId_": 0
  },
  {
    "SaProfileSettingId": "dbd3e2cd-91cc-4ffc-947f-1575e0160444",
    "FunctionalProfileSettingId": "6e92bbb0-b8c2-4e0a-8fdd-ecddb1bd65cc",
    "SaModuleAccess": true,
    "UploadDocument": null,
    "ReviewDocument": true,
    "DeleteDocument": null,
    "ResubmitDocument": null,
    "ImportDocument": null,
    "Inapplicable_": [],
    "WFId_": "00000000-0000-0000-0000-000000000000",
    "TaskId_": "00000000-0000-0000-0000-000000000000",
    "VersionId_": 1,
    "BaseVersionId_": 0,
    "IsLatestVersion_": true,
    "IsDeleted_": false,
    "StatusId_": 1,
    "CreatedBy_": "admin",
    "CreatedDate_": "2025-07-07T15:27:44.46968Z",
    "UpdatedBy_": null,
    "UpdatedDate_": null,
    "t_": "SaProfileSetting",
    "ContextUserId_": "admin",
    "IsValid_": true,
    "IsVisible_": true,
    "SnapshotId_": 0
  }
]