[
  {
    "WorkflowProfileSettingId": "1e37c00b-b5ba-419b-aef8-47accd331aff",
    "FunctionalProfileSettingId": "a73aa2c4-99be-45d4-a93f-05ebb2147d85",
    "ProposalInitiate": true,
    "WorkflowItemsAccess": true,
    "UploadNewDocAccess": true,
    "UploadNewDocVersionAccess": true,
    "AttachDocumentAccess": true,
    "ManualPublishDeal": null,
    "ProposalSearchAccess": true,
    "OnlyShowKanbanPipeline": null,
    "DealInitiate": null,
    "ShowDealManagerDashboard": null,
    "DelegateProposalTaskAccess": true,
    "AccessAllDeals": null,
    "Inapplicable_": [],
    "WFId_": "00000000-0000-0000-0000-000000000000",
    "TaskId_": "00000000-0000-0000-0000-000000000000",
    "VersionId_": 1,
    "BaseVersionId_": 0,
    "IsLatestVersion_": true,
    "IsDeleted_": false,
    "StatusId_": 1,
    "CreatedBy_": "admin",
    "CreatedDate_": "2025-07-04T22:03:44.573834Z",
    "UpdatedBy_": null,
    "UpdatedDate_": null,
    "t_": "WorkflowProfileSetting",
    "ContextUserId_": "admin",
    "IsValid_": true,
    "IsVisible_": true,
    "SnapshotId_": 0
  },
  {
    "WorkflowProfileSettingId": "7faed0ca-f5a2-4c4d-a0a7-c0e25b72be62",
    "FunctionalProfileSettingId": "92cf7b91-69ea-4cac-81cf-1fc5e578cfcd",
    "ProposalInitiate": null,
    "WorkflowItemsAccess": null,
    "UploadNewDocAccess": null,
    "UploadNewDocVersionAccess": null,
    "AttachDocumentAccess": null,
    "ManualPublishDeal": null,
    "ProposalSearchAccess": null,
    "OnlyShowKanbanPipeline": null,
    "DealInitiate": null,
    "ShowDealManagerDashboard": null,
    "DelegateProposalTaskAccess": null,
    "AccessAllDeals": null,
    "Inapplicable_": [],
    "WFId_": "00000000-0000-0000-0000-000000000000",
    "TaskId_": "00000000-0000-0000-0000-000000000000",
    "VersionId_": 1,
    "BaseVersionId_": 0,
    "IsLatestVersion_": true,
    "IsDeleted_": false,
    "StatusId_": 1,
    "CreatedBy_": "admin",
    "CreatedDate_": "2025-07-04T22:12:23.180611Z",
    "UpdatedBy_": null,
    "UpdatedDate_": null,
    "t_": "WorkflowProfileSetting",
    "ContextUserId_": "admin",
    "IsValid_": true,
    "IsVisible_": true,
    "SnapshotId_": 0
  },
  {
    "WorkflowProfileSettingId": "0aea8533-c36a-4b51-a79b-ab46e8a008f4",
    "FunctionalProfileSettingId": "15fc8d3e-0dde-4a3c-b9ea-2ebae498c3b3",
    "ProposalInitiate": null,
    "WorkflowItemsAccess": null,
    "UploadNewDocAccess": null,
    "UploadNewDocVersionAccess": null,
    "AttachDocumentAccess": null,
    "ManualPublishDeal": null,
    "ProposalSearchAccess": null,
    "OnlyShowKanbanPipeline": null,
    "DealInitiate": null,
    "ShowDealManagerDashboard": null,
    "DelegateProposalTaskAccess": null,
    "AccessAllDeals": null,
    "Inapplicable_": [],
    "WFId_": "00000000-0000-0000-0000-000000000000",
    "TaskId_": "00000000-0000-0000-0000-000000000000",
    "VersionId_": 1,
    "BaseVersionId_": 0,
    "IsLatestVersion_": true,
    "IsDeleted_": false,
    "StatusId_": 1,
    "CreatedBy_": "admin",
    "CreatedDate_": "2025-07-04T22:36:33.266079Z",
    "UpdatedBy_": null,
    "UpdatedDate_": null,
    "t_": "WorkflowProfileSetting",
    "ContextUserId_": "admin",
    "IsValid_": true,
    "IsVisible_": true,
    "SnapshotId_": 0
  },
  {
    "WorkflowProfileSettingId": "1a3b6c4f-3963-4f23-992c-b2fcf572ab2c",
    "FunctionalProfileSettingId": "4b5f7e4e-9b7c-488b-baea-0fcc850449a5",
    "ProposalInitiate": null,
    "WorkflowItemsAccess": null,
    "UploadNewDocAccess": true,
    "UploadNewDocVersionAccess": true,
    "AttachDocumentAccess": true,
    "ManualPublishDeal": null,
    "ProposalSearchAccess": null,
    "OnlyShowKanbanPipeline": null,
    "DealInitiate": null,
    "ShowDealManagerDashboard": null,
    "DelegateProposalTaskAccess": null,
    "AccessAllDeals": null,
    "Inapplicable_": [],
    "WFId_": "00000000-0000-0000-0000-000000000000",
    "TaskId_": "00000000-0000-0000-0000-000000000000",
    "VersionId_": 1,
    "BaseVersionId_": 0,
    "IsLatestVersion_": true,
    "IsDeleted_": false,
    "StatusId_": 1,
    "CreatedBy_": "admin",
    "CreatedDate_": "2025-07-04T22:56:01.939364Z",
    "UpdatedBy_": null,
    "UpdatedDate_": null,
    "t_": "WorkflowProfileSetting",
    "ContextUserId_": "admin",
    "IsValid_": true,
    "IsVisible_": true,
    "SnapshotId_": 0
  },
  {
    "WorkflowProfileSettingId": "02ed9a0d-dca9-492d-90e0-f862d40ea130",
    "FunctionalProfileSettingId": "70d20584-3252-4b5b-a6ed-26756db666b7",
    "ProposalInitiate": true,
    "WorkflowItemsAccess": true,
    "UploadNewDocAccess": true,
    "UploadNewDocVersionAccess": true,
    "AttachDocumentAccess": true,
    "ManualPublishDeal": null,
    "ProposalSearchAccess": true,
    "OnlyShowKanbanPipeline": true,
    "DealInitiate": null,
    "ShowDealManagerDashboard": null,
    "DelegateProposalTaskAccess": true,
    "AccessAllDeals": null,
    "Inapplicable_": [],
    "WFId_": "00000000-0000-0000-0000-000000000000",
    "TaskId_": "00000000-0000-0000-0000-000000000000",
    "VersionId_": 4,
    "BaseVersionId_": 3,
    "IsLatestVersion_": true,
    "IsDeleted_": false,
    "StatusId_": 1,
    "CreatedBy_": "admin",
    "CreatedDate_": "2025-04-09T09:04:21.952393Z",
    "UpdatedBy_": "admin",
    "UpdatedDate_": "2025-06-24T19:06:58.200288Z",
    "t_": "WorkflowProfileSetting",
    "ContextUserId_": "admin",
    "IsValid_": true,
    "IsVisible_": true,
    "SnapshotId_": 0
  },
  {
    "WorkflowProfileSettingId": "fc9f9fe0-33d8-425b-a01b-9651c1388dc1",
    "FunctionalProfileSettingId": "efd73b01-b18a-4c7e-8d21-9e1f468fcd23",
    "ProposalInitiate": true,
    "WorkflowItemsAccess": true,
    "UploadNewDocAccess": true,
    "UploadNewDocVersionAccess": true,
    "AttachDocumentAccess": true,
    "ManualPublishDeal": null,
    "ProposalSearchAccess": true,
    "OnlyShowKanbanPipeline": null,
    "DealInitiate": null,
    "ShowDealManagerDashboard": null,
    "DelegateProposalTaskAccess": true,
    "AccessAllDeals": null,
    "Inapplicable_": [],
    "WFId_": "00000000-0000-0000-0000-000000000000",
    "TaskId_": "00000000-0000-0000-0000-000000000000",
    "VersionId_": 1,
    "BaseVersionId_": 0,
    "IsLatestVersion_": true,
    "IsDeleted_": false,
    "StatusId_": 1,
    "CreatedBy_": "admin",
    "CreatedDate_": "2025-07-07T14:26:01.205051Z",
    "UpdatedBy_": null,
    "UpdatedDate_": null,
    "t_": "WorkflowProfileSetting",
    "ContextUserId_": "admin",
    "IsValid_": true,
    "IsVisible_": true,
    "SnapshotId_": 0
  },
  {
    "WorkflowProfileSettingId": "a0610a96-06ae-4a9e-9cfb-cfb4ede56d74",
    "FunctionalProfileSettingId": "f86db2a4-9718-404a-a334-bb06d359d7dc",
    "ProposalInitiate": true,
    "WorkflowItemsAccess": true,
    "UploadNewDocAccess": true,
    "UploadNewDocVersionAccess": true,
    "AttachDocumentAccess": true,
    "ManualPublishDeal": null,
    "ProposalSearchAccess": true,
    "OnlyShowKanbanPipeline": null,
    "DealInitiate": null,
    "ShowDealManagerDashboard": null,
    "DelegateProposalTaskAccess": true,
    "AccessAllDeals": null,
    "Inapplicable_": [],
    "WFId_": "00000000-0000-0000-0000-000000000000",
    "TaskId_": "00000000-0000-0000-0000-000000000000",
    "VersionId_": 1,
    "BaseVersionId_": 0,
    "IsLatestVersion_": true,
    "IsDeleted_": false,
    "StatusId_": 1,
    "CreatedBy_": "admin",
    "CreatedDate_": "2025-07-07T15:17:34.053695Z",
    "UpdatedBy_": null,
    "UpdatedDate_": null,
    "t_": "WorkflowProfileSetting",
    "ContextUserId_": "admin",
    "IsValid_": true,
    "IsVisible_": true,
    "SnapshotId_": 0
  },
  {
    "WorkflowProfileSettingId": "a9005c6c-334f-4165-9262-a095cecceecd",
    "FunctionalProfileSettingId": "6e92bbb0-b8c2-4e0a-8fdd-ecddb1bd65cc",
    "ProposalInitiate": null,
    "WorkflowItemsAccess": null,
    "UploadNewDocAccess": null,
    "UploadNewDocVersionAccess": null,
    "AttachDocumentAccess": null,
    "ManualPublishDeal": null,
    "ProposalSearchAccess": null,
    "OnlyShowKanbanPipeline": null,
    "DealInitiate": null,
    "ShowDealManagerDashboard": null,
    "DelegateProposalTaskAccess": null,
    "AccessAllDeals": null,
    "Inapplicable_": [],
    "WFId_": "00000000-0000-0000-0000-000000000000",
    "TaskId_": "00000000-0000-0000-0000-000000000000",
    "VersionId_": 1,
    "BaseVersionId_": 0,
    "IsLatestVersion_": true,
    "IsDeleted_": false,
    "StatusId_": 1,
    "CreatedBy_": "admin",
    "CreatedDate_": "2025-07-07T15:27:44.569745Z",
    "UpdatedBy_": null,
    "UpdatedDate_": null,
    "t_": "WorkflowProfileSetting",
    "ContextUserId_": "admin",
    "IsValid_": true,
    "IsVisible_": true,
    "SnapshotId_": 0
  }
]