[
  {
    "Id": "1f5ed422-d9c4-4024-89ca-52ba65a32f5f",
    "Engine": "RiskCalc",
    "Name": "RiskCalcLGD",
    "ConnectionString": "https://services.moodyskmv.com/services/LossCalc/Analytics/CalculateRecovery;https://batch-riskcalc.moodysrms.com/services/QO/Calculate?modelId=LGD QO 1.0&inputId=LGD Qualitative Overlay (Moody's Default)&version=1.0.0",
    "Active": true,
    "Inapplicable_": [],
    "IsDeleted_": false,
    "CreatedBy_": "admin",
    "CreatedDate_": "2025-05-12T02:19:37.6202Z",
    "UpdatedBy_": null,
    "UpdatedDate_": null,
    "t_": "MapServer",
    "ContextUserId_": "admin"
  },
  {
    "Id": "fb8d0d2a-33dc-41aa-8f29-5f147f776c25",
    "Engine": "CAP",
    "Name": "IPRE Permanent PD",
    "ConnectionString": "https://api.cap.moodysanalytics.com/modelregistry/v1/models/MA%20CAO%20PD%20IPREPERM/runs?environment=PRD",
    "Active": true,
    "Inapplicable_": [],
    "IsDeleted_": false,
    "CreatedBy_": "admin",
    "CreatedDate_": "2025-04-09T09:04:21.952393Z",
    "UpdatedBy_": null,
    "UpdatedDate_": null,
    "t_": "MapServer",
    "ContextUserId_": "admin"
  },
  {
    "Id": "e85dc73c-5a1b-42ee-a90c-b49c800a0b1d",
    "Engine": "CAP",
    "Name": "IPRE Construction and Development PD",
    "ConnectionString": "https://api.cap.moodysanalytics.com/modelregistry/v1/models/MA%20CAO%20PD%20IPRECONDEV/runs?environment=PRD",
    "Active": true,
    "Inapplicable_": [],
    "IsDeleted_": false,
    "CreatedBy_": "admin",
    "CreatedDate_": "2025-04-09T09:04:21.952393Z",
    "UpdatedBy_": null,
    "UpdatedDate_": null,
    "t_": "MapServer",
    "ContextUserId_": "admin"
  },
  {
    "Id": "ad25d030-484f-4159-b72d-8c367fb5d01c",
    "Engine": "CAP",
    "Name": "IPRE Permanent LGD",
    "ConnectionString": "https://api.cap.moodysanalytics.com/modelregistry/v1/models/MA%20LGD%20IPRE%20Perm/runs?environment=PRD",
    "Active": true,
    "Inapplicable_": [],
    "IsDeleted_": false,
    "CreatedBy_": "admin",
    "CreatedDate_": "2025-04-09T09:04:21.952393Z",
    "UpdatedBy_": null,
    "UpdatedDate_": null,
    "t_": "MapServer",
    "ContextUserId_": "admin"
  },
  {
    "Id": "e62b24c5-48e4-4708-acae-85cb8e4f7a1e",
    "Engine": "CAP",
    "Name": "IPRE Construction and Development LGD",
    "ConnectionString": "https://api.cap.moodysanalytics.com/modelregistry/v1/models/MA%20LGD%20IPRE%20ConDev/runs?environment=PRD",
    "Active": true,
    "Inapplicable_": [],
    "IsDeleted_": false,
    "CreatedBy_": "admin",
    "CreatedDate_": "2025-04-09T09:04:21.952393Z",
    "UpdatedBy_": null,
    "UpdatedDate_": null,
    "t_": "MapServer",
    "ContextUserId_": "admin"
  },
  {
    "Id": "619370ef-f17e-4d2c-baf1-aac497524ac9",
    "Engine": "CAP",
    "Name": "CMM Construction PD",
    "ConnectionString": "https://api.cap.moodysanalytics.com/modelregistry/v1/models/MA%20CMM%20Construction%20PD/runs?environment=PRD",
    "Active": true,
    "Inapplicable_": [],
    "IsDeleted_": false,
    "CreatedBy_": "admin",
    "CreatedDate_": "2025-04-09T09:04:21.952393Z",
    "UpdatedBy_": null,
    "UpdatedDate_": null,
    "t_": "MapServer",
    "ContextUserId_": "admin"
  },
  {
    "Id": "0b20b241-e79b-4904-bf56-5a04f2d599a4",
    "Engine": "CAP",
    "Name": "CMM Investment PD",
    "ConnectionString": "https://api.cap.moodysanalytics.com/modelregistry/v1/models/MA%20CMM%20Investment%20PD/runs?environment=PRD",
    "Active": true,
    "Inapplicable_": [],
    "IsDeleted_": false,
    "CreatedBy_": "admin",
    "CreatedDate_": "2025-04-09T09:04:21.952393Z",
    "UpdatedBy_": null,
    "UpdatedDate_": null,
    "t_": "MapServer",
    "ContextUserId_": "admin"
  },
  {
    "Id": "cb51968a-8dc1-4980-be26-98bc1c85e7b7",
    "Engine": "RLang",
    "Name": "SMEL",
    "ConnectionString": "http://aor-rlrstd0100.maregroot.com:8020/Calculate",
    "Active": true,
    "Inapplicable_": [],
    "IsDeleted_": false,
    "CreatedBy_": "admin",
    "CreatedDate_": "2025-05-12T02:19:52.775452Z",
    "UpdatedBy_": null,
    "UpdatedDate_": null,
    "t_": "MapServer",
    "ContextUserId_": "admin"
  },
  {
    "Id": "9377c846-fc68-4868-88b5-57cb42274fa9",
    "Engine": "RLang",
    "Name": "SMEL2",
    "ConnectionString": "http://aor-rlrstd0100.maregroot.com:8030/Calculate",
    "Active": true,
    "Inapplicable_": [],
    "IsDeleted_": false,
    "CreatedBy_": "admin",
    "CreatedDate_": "2025-05-12T02:19:52.775452Z",
    "UpdatedBy_": null,
    "UpdatedDate_": null,
    "t_": "MapServer",
    "ContextUserId_": "admin"
  },
  {
    "Id": "e1073d58-85ba-4de0-a4b7-27267f367516",
    "Engine": "RLang",
    "Name": "FIRB",
    "ConnectionString": "http://aor-rlrstd0100.maregroot.com:8050/Calculate",
    "Active": true,
    "Inapplicable_": [],
    "IsDeleted_": false,
    "CreatedBy_": "admin",
    "CreatedDate_": "2025-05-12T02:19:52.775452Z",
    "UpdatedBy_": null,
    "UpdatedDate_": null,
    "t_": "MapServer",
    "ContextUserId_": "admin"
  },
  {
    "Id": "56e55067-891b-4292-876e-9f1b5fd611a4",
    "Engine": "RLang",
    "Name": "FIRBAnalysis Demo(v2)",
    "ConnectionString": "http://aor-rlrstd0100.maregroot.com:8062/Calculate",
    "Active": true,
    "Inapplicable_": [],
    "IsDeleted_": false,
    "CreatedBy_": "admin",
    "CreatedDate_": "2025-05-12T02:19:52.775452Z",
    "UpdatedBy_": null,
    "UpdatedDate_": null,
    "t_": "MapServer",
    "ContextUserId_": "admin"
  },
  {
    "Id": "4495afd0-3747-454d-a53c-2108134b4bea",
    "Engine": "RLang",
    "Name": "RAROC Demo",
    "ConnectionString": "http://aor-rlrstd0100.maregroot.com:8070/Calculate",
    "Active": true,
    "Inapplicable_": [],
    "IsDeleted_": false,
    "CreatedBy_": "admin",
    "CreatedDate_": "2025-05-12T02:19:52.775452Z",
    "UpdatedBy_": null,
    "UpdatedDate_": null,
    "t_": "MapServer",
    "ContextUserId_": "admin"
  },
  {
    "Id": "7c8bbbb9-f887-4257-ada6-c52381341a48",
    "Engine": "RLang",
    "Name": "CRE Simple",
    "ConnectionString": "http://aor-rlrstd0100.maregroot.com:14100/Calculate",
    "Active": true,
    "Inapplicable_": [],
    "IsDeleted_": false,
    "CreatedBy_": "admin",
    "CreatedDate_": "2025-05-12T02:19:52.775452Z",
    "UpdatedBy_": null,
    "UpdatedDate_": null,
    "t_": "MapServer",
    "ContextUserId_": "admin"
  },
  {
    "Id": "fc484dc1-271f-4dcf-b7fc-83fdb7df2af9",
    "Engine": "RLang",
    "Name": "CRE LGD Test",
    "ConnectionString": "http://aor-rlrstd0100.maregroot.com:8090/Calculate",
    "Active": true,
    "Inapplicable_": [],
    "IsDeleted_": false,
    "CreatedBy_": "admin",
    "CreatedDate_": "2025-05-12T02:19:52.775452Z",
    "UpdatedBy_": null,
    "UpdatedDate_": null,
    "t_": "MapServer",
    "ContextUserId_": "admin"
  }
]