[
  {
    "Type": "FINANCIALCSVMMASMAPPING",
    "IdInt": 792239584,
    "Id": "ACCTS/NOTESRECOTHER",
    "SourceAccount": "Accts/Notes Rec-Other(1250)",
    "TargetAccount": "1250",
    "BalanceType": null,
    "Inapplicable_": [],
    "IsDeleted_": false,
    "StatusId_": 1,
    "t_": "FinancialCsvMMASMapping"
  },
  {
    "Type": "FINANCIALCSVMMASMAPPING",
    "IdInt": 655546799,
    "Id": "CONSTRUCTIONINPROGRESS",
    "SourceAccount": "Construction in Progress(2070)",
    "TargetAccount": "2070",
    "BalanceType": null,
    "Inapplicable_": [],
    "IsDeleted_": false,
    "StatusId_": 1,
    "t_": "FinancialCsvMMASMapping"
  },
  {
    "Type": "FINANCIALCSVMMASMAPPING",
    "IdInt": 1521422696,
    "Id": "CP-OPERATINGLEASEOBLIGATIONS",
    "SourceAccount": "CP-Operating Lease Obligations(3360)",
    "TargetAccount": "3360",
    "BalanceType": null,
    "Inapplicable_": [],
    "IsDeleted_": false,
    "StatusId_": 1,
    "t_": "FinancialCsvMMASMapping"
  },
  {
    "Type": "FINANCIALCSVMMASMAPPING",
    "IdInt": 95639764,
    "Id": "GAINONDERIVATTIVES",
    "SourceAccount": "Gain on Derivatives(7040)",
    "TargetAccount": "7040",
    "BalanceType": null,
    "Inapplicable_": [],
    "IsDeleted_": false,
    "StatusId_": 1,
    "t_": "FinancialCsvMMASMapping"
  },
  {
    "Type": "FINANCIALCSVMMASMAPPING",
    "IdInt": 305219203,
    "Id": "INTANGIBLES-OTHER",
    "SourceAccount": "Intangibles - Other(2900)",
    "TargetAccount": "2900",
    "BalanceType": null,
    "Inapplicable_": [],
    "IsDeleted_": false,
    "StatusId_": 1,
    "t_": "FinancialCsvMMASMapping"
  },
  {
    "Type": "FINANCIALCSVMMASMAPPING",
    "IdInt": 261806567,
    "Id": "LAND",
    "SourceAccount": "Land(2050)",
    "TargetAccount": "2050",
    "BalanceType": null,
    "Inapplicable_": [],
    "IsDeleted_": false,
    "StatusId_": 1,
    "t_": "FinancialCsvMMASMapping"
  },
  {
    "Type": "FINANCIALCSVMMASMAPPING",
    "IdInt": 533707418,
    "Id": "LOANSTORELATEDCOCP",
    "SourceAccount": "Loans to Related Co-CP(1230)",
    "TargetAccount": "1230",
    "BalanceType": null,
    "Inapplicable_": [],
    "IsDeleted_": false,
    "StatusId_": 1,
    "t_": "FinancialCsvMMASMapping"
  },
  {
    "Type": "FINANCIALCSVMMASMAPPING",
    "IdInt": 186011033,
    "Id": "LONGTERMDEBTOTHERUNSEC",
    "SourceAccount": "Long Term Debt-Other Unsec(4150)",
    "TargetAccount": "4150",
    "BalanceType": null,
    "Inapplicable_": [],
    "IsDeleted_": false,
    "StatusId_": 1,
    "t_": "FinancialCsvMMASMapping"
  },
  {
    "Type": "FINANCIALCSVMMASMAPPING",
    "IdInt": 1730561426,
    "Id": "OPERATINGLEASEOBLIGATIONS",
    "SourceAccount": "Operating Lease Obligations(4210)",
    "TargetAccount": "4210",
    "BalanceType": null,
    "Inapplicable_": [],
    "IsDeleted_": false,
    "StatusId_": 1,
    "t_": "FinancialCsvMMASMapping"
  },
  {
    "Type": "FINANCIALCSVMMASMAPPING",
    "IdInt": 708974222,
    "Id": "OPERATINGLEASES",
    "SourceAccount": "Operating Leases(2360)",
    "TargetAccount": "2360",
    "BalanceType": null,
    "Inapplicable_": [],
    "IsDeleted_": false,
    "StatusId_": 1,
    "t_": "FinancialCsvMMASMapping"
  },
  {
    "Type": "FINANCIALCSVMMASMAPPING",
    "IdInt": 1808866226,
    "Id": "RAWMATERIALS",
    "SourceAccount": "Raw Materials(1400)",
    "TargetAccount": "1400",
    "BalanceType": null,
    "Inapplicable_": [],
    "IsDeleted_": false,
    "StatusId_": 1,
    "t_": "FinancialCsvMMASMapping"
  },
  {
    "Type": "FINANCIALCSVMMASMAPPING",
    "IdInt": 454413780,
    "Id": "RESTRICTEDCASH",
    "SourceAccount": "Restricted Cash(2580)",
    "TargetAccount": "2580",
    "BalanceType": null,
    "Inapplicable_": [],
    "IsDeleted_": false,
    "StatusId_": 1,
    "t_": "FinancialCsvMMASMapping"
  },
  {
    "Type": "FINANCIALCSVMMASMAPPING",
    "IdInt": 598658657,
    "Id": "WORKINPROCESS",
    "SourceAccount": "Work in Process(1450)",
    "TargetAccount": "1450",
    "BalanceType": null,
    "Inapplicable_": [],
    "IsDeleted_": false,
    "StatusId_": 1,
    "t_": "FinancialCsvMMASMapping"
  }
]