[
  {
    "AdminFaProfileSettingId": "9b0ff841-f052-4658-9715-5e3e4ca21f80",
    "AdminProfileSettingId": "dd4e4bf1-067f-4c05-a570-e84ba4e9030e",
    "BatchFinancialAnalysis": true,
    "ManageGlobalDivisions": true,
    "ManageModelAddins": true,
    "ManageRequiredFields": true,
    "ManageRollingStmtCreateSetting": true,
    "ModifyCurrencySettings": true,
    "ModifyHiddenStmtBehavior": true,
    "ModifyOrganizationMacros": true,
    "OrganizationInfo": true,
    "ReportSettings": true,
    "GcfSettings": true,
    "Inapplicable_": [],
    "WFId_": "00000000-0000-0000-0000-000000000000",
    "TaskId_": "00000000-0000-0000-0000-000000000000",
    "VersionId_": 3,
    "BaseVersionId_": 2,
    "IsLatestVersion_": true,
    "IsDeleted_": false,
    "StatusId_": 1,
    "CreatedBy_": "admin",
    "CreatedDate_": "2025-06-05T22:18:45.866494Z",
    "UpdatedBy_": "admin",
    "UpdatedDate_": "2025-06-19T19:11:30.234363Z",
    "t_": "AdminFaProfileSetting",
    "ContextUserId_": "admin",
    "IsValid_": true,
    "IsVisible_": true,
    "SnapshotId_": 0
  }
]