[
  {
    "CovenantProfileSettingId": "8ce2cd96-cf75-4119-9b63-2b6706fa54f1",
    "ActivateCovenant": true,
    "ApproveCovenant": true,
    "AssignTesting": true,
    "CommitTrackingResult": true,
    "CompleteCovenant": true,
    "CovenantsAndConditions": true,
    "CreateCovenant": true,
    "DeleteCovenant": true,
    "EditCovenant": true,
    "FunctionalProfileSettingId": "70d20584-3252-4b5b-a6ed-26756db666b7",
    "TrackingAndTesting": true,
    "UpdateTrackingResult": true,
    "Inapplicable_": [],
    "WFId_": "00000000-0000-0000-0000-000000000000",
    "TaskId_": "00000000-0000-0000-0000-000000000000",
    "VersionId_": 3,
    "BaseVersionId_": 2,
    "IsLatestVersion_": true,
    "IsDeleted_": false,
    "StatusId_": 1,
    "CreatedBy_": "admin",
    "CreatedDate_": "2025-06-05T22:18:45.866494Z",
    "UpdatedBy_": "admin",
    "UpdatedDate_": "2025-06-19T19:11:28.980331Z",
    "t_": "CovenantProfileSetting",
    "ContextUserId_": "admin",
    "IsValid_": true,
    "IsVisible_": true,
    "SnapshotId_": 0
  }
]