[
  {
    "CpSystemSettingId": "d0122f86-6b86-45e6-a249-8a2f355529e2",
    "CreDocumentCategory": "1.5",
    "CreditMemoDocumentCategory": null,
    "DocumentCategory": "1.1",
    "SystemSettingId": "14700269-cb8b-462e-ae1d-16816ffa19f7",
    "CreditMemoEmails": null,
    "EnableReportViewer": null,
    "UseAnnualStatementOnly": true,
    "NumberOfFinancialStatements": 5,
    "BatchModelUrl": null,
    "BatchRunStatusUrl": null,
    "BatchRunResponseUrl": null,
    "UseOpenAiData": null,
    "UseClientOrbisToken": null,
    "Inapplicable_": [],
    "WFId_": "00000000-0000-0000-0000-000000000000",
    "TaskId_": "00000000-0000-0000-0000-000000000000",
    "VersionId_": 3,
    "BaseVersionId_": 2,
    "IsLatestVersion_": true,
    "IsDeleted_": false,
    "StatusId_": 1,
    "CreatedBy_": "admin",
    "CreatedDate_": "2025-06-05T22:18:45.866494Z",
    "UpdatedBy_": "admin",
    "UpdatedDate_": "2025-06-19T19:11:31.35215Z",
    "t_": "CpSystemSetting",
    "ContextUserId_": "admin",
    "IsValid_": true,
    "IsVisible_": true,
    "SnapshotId_": 0
  }
]