[
  {
    "CreSystemSettingId": "5965a5c5-13f4-4f22-9186-7547e757daf9",
    "CmmModelId": null,
    "CmmPassword": null,
    "CmmRealEstateDate": null,
    "CmmRealEstateForecast": null,
    "CmmSettingUrl": null,
    "CmmTokenUrl": null,
    "CmmUseCollateralModelCashflow": true,
    "CmmUserId": null,
    "ComputeCreGroupProductsPd": null,
    "CpmApiResultPageSize": 10000,
    "CpmApiUrl": "https://apis.us.cpm.moodysanalytics.com",
    "CpmAuthToken": null,
    "CpmDefaultPortfolioName": "-",
    "CpmWidgetKey": null,
    "CpmWidgetSecret": null,
    "CpmWidgetUrl": "https://quiqproperty.moodysanalytics.com",
    "CreBatchUserId": "CREBatchUser",
    "CreDefaultDisplayRounding": 0,
    "CustomDebtServiceCalcsAllowed": null,
    "EnableCmmPresets": null,
    "HotelSubPropertyType": null,
    "InterestRateScenario": null,
    "LocationScoreClientIdKey": "OZGhkuaoAPJ3XNC9aCteWGPzucw0dv7A",
    "LocationScoreTokenUrl": "https://api.moodysanalytics.com/reis",
    "LocationScoreUrl": "https://api.moodysanalytics.com/cre/api/v4/cls",
    "MaxTaskCount": null,
    "MinNumberOfAssetForAsyncCalc": null,
    "OverrideNegativeNoiValue": null,
    "QpApiUrl": null,
    "RefinanceConstant": null,
    "RefinanceOptions": null,
    "SaApiUrl": "https://apis.us.cpm.moodysanalytics.com/financials/v1/sensitivities/",
    "SendLtvAndDscr": null,
    "Sensitivity": null,
    "SensitivityType": null,
    "ShowEnvironmentalSiteAssessmentTab": null,
    "ShowFloodAssessmentTab": null,
    "ShowPropertyAssessmentTab": null,
    "ShowPropertyConditionAssessmentTab": null,
    "ShowSeismicRiskAssessmentTab": null,
    "StressLevel": null,
    "SystemSettingId": "14700269-cb8b-462e-ae1d-16816ffa19f7",
    "UseRefinanceGrid": null,
    "CpmEnableMoodysSso": null,
    "ProRatePropertyValueAndNoi": null,
    "Inapplicable_": [],
    "Associations_": [
      "CmmSetting",
      "AdjustmentSetting"
    ],
    "WFId_": "00000000-0000-0000-0000-000000000000",
    "TaskId_": "00000000-0000-0000-0000-000000000000",
    "VersionId_": 3,
    "BaseVersionId_": 2,
    "IsLatestVersion_": true,
    "IsDeleted_": false,
    "StatusId_": 1,
    "CreatedBy_": "admin",
    "CreatedDate_": "2025-06-05T22:18:45.866494Z",
    "UpdatedBy_": "admin",
    "UpdatedDate_": "2025-06-19T19:11:31.480849Z",
    "t_": "CreSystemSetting",
    "ContextUserId_": "admin",
    "IsValid_": true,
    "IsVisible_": true,
    "SnapshotId_": 0
  }
]