[
  {
    "DsProfileSettingId": "75630727-c00c-526f-85cf-6ccad2f4d471",
    "ApproveCollateral": null,
    "ApproveCreRating": true,
    "ApproveGuarantee": null,
    "ApproveProduct": true,
    "DealAddCommentary": true,
    "DealApprove": true,
    "EditDealApprovalMatrix": null,
    "EnableAsset": true,
    "EnableCmm": true,
    "EnableCollateralGroupSearch": true,
    "EnableCre": true,
    "EnableCreGroupSearch": null,
    "EnableCrePd": true,
    "EnableDsAdvanced": true,
    "EnableDsLite": true,
    "EnableLgd": true,
    "EnableLgdAdvanced": true,
    "EnableLgdOverride": null,
    "EnableLoanSizer": true,
    "EnableRiskReturn": true,
    "FunctionalProfileSettingId": "70d20584-3252-4b5b-a6ed-26756db666b7",
    "OverrideCmmScenario": null,
    "OverrideCreRating": null,
    "OverrideRegulatoryCapital": true,
    "PolicyExceptionItemAccess": true,
    "SensitivityAnalysis": null,
    "SensitivityAnalysisNew": null,
    "SetDefaultLandingPageToGrid": true,
    "TriggerRiskReturnCalculation": true,
    "EnableSponsorAnalysis": null,
    "Inapplicable_": [],
    "WFId_": "00000000-0000-0000-0000-000000000000",
    "TaskId_": "00000000-0000-0000-0000-000000000000",
    "VersionId_": 3,
    "BaseVersionId_": 2,
    "IsLatestVersion_": true,
    "IsDeleted_": false,
    "StatusId_": 1,
    "CreatedBy_": "admin",
    "CreatedDate_": "2025-06-05T22:18:45.866494Z",
    "UpdatedBy_": "admin",
    "UpdatedDate_": "2025-06-19T19:11:29.090569Z",
    "t_": "DealStructuringProfileSetting",
    "ContextUserId_": "admin",
    "IsValid_": true,
    "IsVisible_": true,
    "SnapshotId_": 0
  }
]