[
  {
    "MapSystemSettingId": "8adb2250-3d02-42ca-893e-151d7d0acd63",
    "CapSsoLoginUrl": null,
    "CapSsoLoginUsername": null,
    "SystemSettingId": "14700269-cb8b-462e-ae1d-16816ffa19f7",
    "UseProxyForMap": null,
    "Inapplicable_": [],
    "WFId_": "00000000-0000-0000-0000-000000000000",
    "TaskId_": "00000000-0000-0000-0000-000000000000",
    "VersionId_": 3,
    "BaseVersionId_": 2,
    "IsLatestVersion_": true,
    "IsDeleted_": false,
    "StatusId_": 1,
    "CreatedBy_": "admin",
    "CreatedDate_": "2025-06-05T22:18:45.866494Z",
    "UpdatedBy_": "admin",
    "UpdatedDate_": "2025-06-19T19:11:32.14307Z",
    "t_": "MapSystemSetting",
    "ContextUserId_": "admin",
    "IsValid_": true,
    "IsVisible_": true,
    "SnapshotId_": 0
  }
]