[
  {
    "RiskGradingSystemSettingId": "d0c9746f-92a5-473f-9e31-3ee452862cc1",
    "AnonymizeEntityNameRiskCalcLL": null,
    "ApprovalIncludeSupportiveRSOnDefaultCascaded": true,
    "ApprovalIncludeSupportiveRSOnPrimaryRating": true,
    "BatchRatingForcePropagateNoneStatementScenarios": null,
    "BatchRatingRemoveOOBRequiredFieldValidationMessages": null,
    "CacheRefDataEnabled": true,
    "ClimateRiskCRPassword": null,
    "ClimateRiskEDFxAPIURL": "https://api.edfx.moodysanalytics.com/edfx/v1/tools/climate",
    "ClimateRiskTokenUrl": "https://sso.moodysanalytics.com/sso-api/v1/token",
    "ClimateRiskUsername": null,
    "CreditBureauHardPullPassword": null,
    "CreditBureauHardPullUsername": null,
    "CreditBureauSoftPullPassword": null,
    "CreditBureauSoftPullUsername": null,
    "CreditBureauUrl": null,
    "DefaultLandingTab": null,
    "DefineLongTermYear": null,
    "DisplayOverrideRatingSection": true,
    "DisplayPercentage": true,
    "EnableCaching": false,
    "EnableClimateRiskForPrivateNames": false,
    "EnableGradeForApprove": true,
    "EnableMasterScale": false,
    "EnablePdRecalculationTrigger": null,
    "EnableRatingGauge": true,
    "GaugeDirection": "0",
    "ReportsIncludeSecondaryRating": null,
    "ShowCascadeHistoricalReport": true,
    "SystemSettingId": "14700269-cb8b-462e-ae1d-16816ffa19f7",
    "UseEsgScorePredcitorApiUnSecureProtocol": false,
    "Inapplicable_": [],
    "WFId_": "00000000-0000-0000-0000-000000000000",
    "TaskId_": "00000000-0000-0000-0000-000000000000",
    "VersionId_": 4,
    "BaseVersionId_": 3,
    "IsLatestVersion_": true,
    "IsDeleted_": false,
    "StatusId_": 1,
    "CreatedBy_": "admin",
    "CreatedDate_": "2025-06-05T22:18:45.866494Z",
    "UpdatedBy_": "admin",
    "UpdatedDate_": "2025-06-19T19:11:32.19929Z",
    "t_": "RiskGradingSystemSetting",
    "ContextUserId_": "admin",
    "IsValid_": true,
    "IsVisible_": true,
    "SnapshotId_": 0
  }
]