[
  {
    "BvdSystemSettingId": "b9266f31-35a3-45dc-b059-c6ae7431e87e",
    "BankFocusRestUrl": "https://api.bvdinfo.com/v1/bankfocus/companies/data",
    "BankFocusUrl": "",
    "BankFocusUserId": "",
    "OsirisRestUrl": "https://api.bvdinfo.com/v1/orbis/Companies/data",
    "OsirisUrl": "",
    "OsirisUserId": "",
    "SystemSettingId": "14700269-cb8b-462e-ae1d-16816ffa19f7",
    "UseLegacyService": false,
    "Inapplicable_": [],
    "WFId_": "00000000-0000-0000-0000-000000000000",
    "TaskId_": "00000000-0000-0000-0000-000000000000",
    "VersionId_": 1,
    "BaseVersionId_": 0,
    "IsLatestVersion_": true,
    "IsDeleted_": false,
    "StatusId_": 1,
    "CreatedBy_": "admin",
    "CreatedDate_": "2025-04-09T09:04:21.952393Z",
    "UpdatedBy_": "admin",
    "UpdatedDate_": "2025-05-12T02:19:37.6202Z",
    "t_": "BvdSystemSetting",
    "ContextUserId_": "admin",
    "IsValid_": true,
    "IsVisible_": true,
    "SnapshotId_": 0
  }
]