[
  {
    "ConfigProfileSettingId": "085493d8-12eb-4bbe-81e0-3be7666875be",
    "BusinessProcessAccess": true,
    "BusinessRulesAccess": true,
    "ConfigurationAccess": true,
    "ConfigurationSelectAll": true,
    "DesignModeAccess": true,
    "DocumentGenerationAccess": true,
    "DomainAccess": true,
    "FunctionalProfileSettingId": "70d20584-3252-4b5b-a6ed-26756db666b7",
    "MenusAccess": true,
    "MessageTemplatesAccess": true,
    "ModelsAccess": true,
    "ModulesAccess": true,
    "OpenApiAccess": true,
    "ProcessAccess": true,
    "ReferenceDataAccess": true,
    "ResourcesAccess": true,
    "TasksAccess": true,
    "TenantsAccess": true,
    "UserInterfaceAccess": true,
    "ViewModelsAccess": true,
    "WizardsAccess": true,
    "ConfigConsoleAccess": true,
    "ConnectAccess": true,
    "Inapplicable_": [],
    "WFId_": "00000000-0000-0000-0000-000000000000",
    "TaskId_": "00000000-0000-0000-0000-000000000000",
    "VersionId_": 1,
    "BaseVersionId_": 0,
    "IsLatestVersion_": true,
    "IsDeleted_": false,
    "StatusId_": 1,
    "CreatedBy_": "admin",
    "CreatedDate_": "2025-04-09T09:04:21.952393Z",
    "UpdatedBy_": null,
    "UpdatedDate_": null,
    "t_": "ConfigProfileSetting",
    "ContextUserId_": "admin",
    "IsValid_": true,
    "IsVisible_": true,
    "SnapshotId_": 0
  }
]