[
  {
    "CovenantSystemSettingId": "97d19f4c-cefe-4148-89a6-ccbd2fbf5e9e",
    "AutoReMapTestCriteriaOnMissing": false,
    "BulkHandleMaxRowsByIteration": 500,
    "CreditOperationRoles": null,
    "DefaultRemovedKeysOnSnapshotLoad": null,
    "EditCovenantOutsideDealWf": null,
    "ExcludGuidInSchedulerJobId": true,
    "EnableApiCallLog": null,
    "FilterAssignedUserListByIam": null,
    "GlobalProxyMappingIncluded": null,
    "LegacyTransitionJobMode": null,
    "MonitoringLogEnabled": null,
    "NonFtBoundProxyMappingEnabled": null,
    "OwfAutoUpdateAsyncModeEnabled": true,
    "OwfCovSummaryRuleBasedReadOnly": null,
    "OwfUpdateResultOnActDisabled": null,
    "ParallelTransitionNumber": 3,
    "RefreshGlobalSettingsOnJob": null,
    "SystemDeterminedBasedSnapshotScope": null,
    "SystemSettingId": "14700269-cb8b-462e-ae1d-16816ffa19f7",
    "TestingFilterOnMonitoringEnabled": null,
    "TransJobConcurrentModeEnabled": false,
    "TransJobPartitioningEnabled": false,
    "TransitionJobLogEnabled": null,
    "WillFilterTestingWithStatus": null,
    "WillTriggerSaveRulesOnDecline": null,
    "WorkflowEnabled": true,
    "WorkflowInsideDealEnabled": null,
    "AbleIntegrationEnabled": null,
    "AbleUrl": null,
    "Inapplicable_": [
      "CreditOperationRoles",
      "DefaultRemovedKeysOnSnapshotLoad",
      "EditCovenantOutsideDealWf",
      "EnableApiCallLog",
      "FilterAssignedUserListByIam",
      "GlobalProxyMappingIncluded",
      "LegacyTransitionJobMode",
      "MonitoringLogEnabled",
      "NonFtBoundProxyMappingEnabled",
      "OwfCovSummaryRuleBasedReadOnly",
      "OwfUpdateResultOnActDisabled",
      "RefreshGlobalSettingsOnJob",
      "SystemDeterminedBasedSnapshotScope",
      "TestingFilterOnMonitoringEnabled",
      "TransitionJobLogEnabled",
      "WillFilterTestingWithStatus",
      "WillTriggerSaveRulesOnDecline",
      "WorkflowInsideDealEnabled",
      "AbleIntegrationEnabled",
      "AbleUrl"
    ],
    "Associations_": [
      "StatusTransitionConfig"
    ],
    "WFId_": "00000000-0000-0000-0000-000000000000",
    "TaskId_": "00000000-0000-0000-0000-000000000000",
    "VersionId_": 1,
    "BaseVersionId_": 0,
    "IsLatestVersion_": true,
    "IsDeleted_": false,
    "StatusId_": 1,
    "CreatedBy_": "admin",
    "CreatedDate_": "2018-03-22T17:20:22.688061Z",
    "UpdatedBy_": null,
    "UpdatedDate_": null,
    "t_": "CovenantSystemSetting",
    "ContextUserId_": "admin",
    "IsValid_": true,
    "IsVisible_": true,
    "SnapshotId_": 0
  }
]