[
  {
    "CpSystemSettingId": "d0122f86-6b86-45e6-a249-8a2f355529e2",
    "CreDocumentCategory": "1.5",
    "CreditMemoDocumentCategory": null,
    "DocumentCategory": "1.1",
    "SystemSettingId": "14700269-cb8b-462e-ae1d-16816ffa19f7",
    "CreditMemoEmails": null,
    "EnableReportViewer": null,
    "UseAnnualStatementOnly": true,
    "NumberOfFinancialStatements": 5,
    "BatchModelUrl": null,
    "BatchRunStatusUrl": null,
    "BatchRunResponseUrl": null,
    "UseOpenAiData": null,
    "UseClientOrbisToken": null,
    "Inapplicable_": [
      "CreditMemoDocumentCategory",
      "CreditMemoEmails",
      "EnableReportViewer",
      "BatchModelUrl",
      "BatchRunStatusUrl",
      "BatchRunResponseUrl",
      "UseOpenAiData",
      "UseClientOrbisToken"
    ],
    "WFId_": "00000000-0000-0000-0000-000000000000",
    "TaskId_": "00000000-0000-0000-0000-000000000000",
    "VersionId_": 1,
    "BaseVersionId_": 0,
    "IsLatestVersion_": true,
    "IsDeleted_": false,
    "StatusId_": 1,
    "CreatedBy_": "admin",
    "CreatedDate_": "2025-04-09T09:04:21.952393Z",
    "UpdatedBy_": null,
    "UpdatedDate_": null,
    "t_": "CpSystemSetting",
    "ContextUserId_": "admin",
    "IsValid_": true,
    "IsVisible_": true,
    "SnapshotId_": 0
  }
]