[
  {
    "DealStructuringAdvSystemSettingId": "18536cd9-4097-4d6f-906e-b8448e7b50e5",
    "ActiveDealStructuringModule": "DealStructuringAdvanced",
    "AllowDeleteofApprovedItems": null,
    "AutoAssignDealTeam": null,
    "BypassDiscountedRatio": null,
    "BypassLimitAllocation": false,
    "CpmDashboardUrl": "https://app.us.cpm.moodysanalytics.com",
    "DealEmails": null,
    "EnableDealAnalysis": true,
    "EnableDealInAppApproval": null,
    "EnableExternalProduct": false,
    "EnablePricingIndices": null,
    "EnableProductSearchInsideGrps": null,
    "EnableThirdPartyContactPerson": null,
    "HideDuplicateFeature": false,
    "HurdleRate": null,
    "IncludeUtilization": null,
    "LendingAuthorityPolicyCategory": null,
    "LendingAuthorityPolicyFileName": null,
    "LgdOverrideAllowed": true,
    "LgdRecalculationTriggers": null,
    "MatchedThickClients": "25.21.0.0",
    "MultiModelLgdAllowed": null,
    "MultiModelRiskReturnAllowed": null,
    "PercentageAllocation": true,
    "RcLgdLoanScorecardOverlay": true,
    "RcLgdLoginUrl": null,
    "RcLgdLoginUsername": null,
    "RcLgdModelType": "OneYear",
    "SystemSettingId": "14700269-cb8b-462e-ae1d-16816ffa19f7",
    "UseEad": null,
    "Inapplicable_": [
      "AllowDeleteofApprovedItems",
      "AutoAssignDealTeam",
      "BypassDiscountedRatio",
      "DealEmails",
      "EnableDealInAppApproval",
      "EnablePricingIndices",
      "EnableProductSearchInsideGrps",
      "EnableThirdPartyContactPerson",
      "HurdleRate",
      "IncludeUtilization",
      "LendingAuthorityPolicyCategory",
      "LendingAuthorityPolicyFileName",
      "LgdRecalculationTriggers",
      "MultiModelLgdAllowed",
      "MultiModelRiskReturnAllowed",
      "RcLgdLoginPassword",
      "RcLgdLoginUrl",
      "RcLgdLoginUsername",
      "UseEad"
    ],
    "WFId_": "00000000-0000-0000-0000-000000000000",
    "TaskId_": "00000000-0000-0000-0000-000000000000",
    "VersionId_": 1,
    "BaseVersionId_": 0,
    "IsLatestVersion_": true,
    "IsDeleted_": false,
    "StatusId_": 1,
    "CreatedBy_": "admin",
    "CreatedDate_": "2025-04-09T09:04:21.952393Z",
    "UpdatedBy_": "admin",
    "UpdatedDate_": "2025-05-12T02:19:37.6202Z",
    "t_": "DealStructuringAdvSystemSetting",
    "ContextUserId_": "admin",
    "IsValid_": true,
    "IsVisible_": true,
    "SnapshotId_": 0
  }
]