[
  {
    "DefaultCurrency": "USD",
    "DefaultDisplayRounding": 0,
    "SystemSettingId": "14700269-cb8b-462e-ae1d-16816ffa19f7",
    "DefaultSystemSettingId": "de00b101-2a1b-4b13-8f38-086c78640381",
    "DispNoValueActWithoutDecimal": false,
    "Inapplicable_": [],
    "WFId_": "00000000-0000-0000-0000-000000000000",
    "TaskId_": "00000000-0000-0000-0000-000000000000",
    "VersionId_": 2,
    "BaseVersionId_": 1,
    "IsLatestVersion_": true,
    "IsDeleted_": false,
    "StatusId_": 1,
    "CreatedBy_": "admin",
    "CreatedDate_": "2025-04-09T09:04:21.952393Z",
    "UpdatedBy_": "admin",
    "UpdatedDate_": "2025-06-11T22:49:52.537965Z",
    "t_": "DefaultSystemSetting",
    "ContextUserId_": "admin",
    "IsValid_": true,
    "IsVisible_": true,
    "SnapshotId_": 0
  }
]