[
  {
    "DepositTrackProfileSettingId": "79834fe9-d46e-7a48-f767-547e98480967",
    "DepositTrackingModuleAccess": true,
    "FunctionalProfileSettingId": "70d20584-3252-4b5b-a6ed-26756db666b7",
    "Inapplicable_": [],
    "WFId_": "00000000-0000-0000-0000-000000000000",
    "TaskId_": "00000000-0000-0000-0000-000000000000",
    "VersionId_": 1,
    "BaseVersionId_": 0,
    "IsLatestVersion_": true,
    "IsDeleted_": false,
    "StatusId_": 1,
    "CreatedBy_": "admin",
    "CreatedDate_": "2025-04-09T09:04:21.952393Z",
    "UpdatedBy_": null,
    "UpdatedDate_": null,
    "t_": "DepositTracProfileSetting",
    "ContextUserId_": "admin",
    "IsValid_": true,
    "IsVisible_": true,
    "SnapshotId_": 0
  }
]