[
  {
    "EsgScorePredictorSystemSettingId": "fbb5a0c3-030f-4ef6-b1ca-1530907e1e6c",
    "EnableEsgScorePredictor": false,
    "ApiUrl": "https://api.creditedge.com/v1/ESG/ProxyScore",
    "PublicKey": null,
    "SystemSettingId": "14700269-cb8b-462e-ae1d-16816ffa19f7",
    "Inapplicable_": [
      "PublicKey",
      "PrivateKey"
    ],
    "WFId_": "00000000-0000-0000-0000-000000000000",
    "TaskId_": "00000000-0000-0000-0000-000000000000",
    "VersionId_": 1,
    "BaseVersionId_": 0,
    "IsLatestVersion_": true,
    "IsDeleted_": false,
    "StatusId_": 1,
    "CreatedBy_": "admin",
    "CreatedDate_": "2025-04-09T09:04:21.952393Z",
    "UpdatedBy_": null,
    "UpdatedDate_": null,
    "t_": "EsgScorePredictorSystemSetting",
    "ContextUserId_": "admin",
    "IsValid_": true,
    "IsVisible_": true,
    "SnapshotId_": 0
  }
]