[
  {
    "MarqSystemSettingId": "641929f4-bf1c-4981-a816-4b8c73161a5d",
    "BusinessPortfolio": "",
    "CreditPortfolio": "",
    "FinagraphLenderId": "",
    "MarqApiBaseUrl": "",
    "SearchSinceDate": "2020-06-30T00:00:00Z",
    "SystemSettingId": "14700269-cb8b-462e-ae1d-16816ffa19f7",
    "MarqDefaultDisplayRounding": 0,
    "Inapplicable_": [],
    "WFId_": "00000000-0000-0000-0000-000000000000",
    "TaskId_": "00000000-0000-0000-0000-000000000000",
    "VersionId_": 1,
    "BaseVersionId_": 0,
    "IsLatestVersion_": true,
    "IsDeleted_": false,
    "StatusId_": 1,
    "CreatedBy_": "admin",
    "CreatedDate_": "2025-04-09T09:04:21.952393Z",
    "UpdatedBy_": "admin",
    "UpdatedDate_": "2025-05-12T02:19:37.6202Z",
    "t_": "MarqSystemSetting",
    "ContextUserId_": "admin",
    "IsValid_": true,
    "IsVisible_": true,
    "SnapshotId_": 0
  }
]