[
  {
    "TermSheetProfileSettingId": "72554de6-f27c-4e78-a687-349f95690459",
    "FunctionalProfileSettingId": "70d20584-3252-4b5b-a6ed-26756db666b7",
    "TermSheetModuleAccess": true,
    "Inapplicable_": [],
    "WFId_": "00000000-0000-0000-0000-000000000000",
    "TaskId_": "00000000-0000-0000-0000-000000000000",
    "VersionId_": 1,
    "BaseVersionId_": 0,
    "IsLatestVersion_": true,
    "IsDeleted_": false,
    "StatusId_": 1,
    "CreatedBy_": "admin",
    "CreatedDate_": "2025-04-09T09:04:21.952393Z",
    "UpdatedBy_": null,
    "UpdatedDate_": null,
    "t_": "TermSheetProfileSetting",
    "ContextUserId_": "admin",
    "IsValid_": true,
    "IsVisible_": true,
    "SnapshotId_": 0
  }
]