[
  {
    "WorkflowProfileSettingId": "02ed9a0d-dca9-492d-90e0-f862d40ea130",
    "FunctionalProfileSettingId": "70d20584-3252-4b5b-a6ed-26756db666b7",
    "ProposalInitiate": true,
    "WorkflowItemsAccess": true,
    "UploadNewDocAccess": true,
    "UploadNewDocVersionAccess": true,
    "AttachDocumentAccess": true,
    "ManualPublishDeal": null,
    "ProposalSearchAccess": true,
    "OnlyShowKanbanPipeline": true,
    "DealInitiate": null,
    "ShowDealManagerDashboard": null,
    "DelegateProposalTaskAccess": true,
    "AccessAllDeals": null,
    "Inapplicable_": [
      "ManualPublishDeal",
      "DealInitiate",
      "ShowDealManagerDashboard",
      "AccessAllDeals"
    ],
    "WFId_": "00000000-0000-0000-0000-000000000000",
    "TaskId_": "00000000-0000-0000-0000-000000000000",
    "VersionId_": 1,
    "BaseVersionId_": 0,
    "IsLatestVersion_": true,
    "IsDeleted_": false,
    "StatusId_": 1,
    "CreatedBy_": "admin",
    "CreatedDate_": "2025-04-09T09:04:21.952393Z",
    "UpdatedBy_": null,
    "UpdatedDate_": null,
    "t_": "WorkflowProfileSetting",
    "ContextUserId_": "admin",
    "IsValid_": true,
    "IsVisible_": true,
    "SnapshotId_": 0
  }
]