[
  {
    "FinancialProfileSettingId": "2c2d29b2-d2d9-4c4d-a27e-a922232ea036",
    "CanCreateReport": true,
    "CanSeePfaTemplateAddIn": true,
    "CanSeeSpreadingGuide": true,
    "CashToAccrual": true,
    "ChangeFinancialTemplate": true,
    "FillInCombinedInformation": true,
    "FillInSpreadingInformation": true,
    "FinancialModuleAccess": true,
    "FunctionalProfileSettingId": "70d20584-3252-4b5b-a6ed-26756db666b7",
    "HistCloneStatement": true,
    "HistCreateCombinedStatement": true,
    "HistDeleteStatement": true,
    "HistDisplayRounding": true,
    "HistHideShowAccount": true,
    "HistInsertDeleteAccount": true,
    "HistRelabelAccount": true,
    "HistReorderAccount": true,
    "PeerSelection": true,
    "ProjCloneStatement": true,
    "ProjDeleteStatement": true,
    "ProjDisplayRounding": true,
    "ProjHideShowAccount": true,
    "ProjInsertDeleteAccount": true,
    "ProjRelabelAccount": true,
    "ProjReorderAccount": true,
    "ProjSetupProjection": true,
    "RmaSubmission": true,
    "Schedules": true,
    "SetupPeerInformation": true,
    "SetupUserDefinedAnalysis": true,
    "SreoAccess": null,
    "UpdatePortfolio": true,
    "DebtSchedule": true,
    "Inapplicable_": [],
    "WFId_": "00000000-0000-0000-0000-000000000000",
    "TaskId_": "00000000-0000-0000-0000-000000000000",
    "VersionId_": 3,
    "BaseVersionId_": 3,
    "IsLatestVersion_": true,
    "IsDeleted_": false,
    "StatusId_": 1,
    "CreatedBy_": "admin",
    "CreatedDate_": "2025-06-16T18:07:16.15177Z",
    "UpdatedBy_": "admin",
    "UpdatedDate_": "2025-06-24T18:50:05.509035Z",
    "t_": "FinancialProfileSetting",
    "ContextUserId_": "admin",
    "IsValid_": true,
    "IsVisible_": true,
    "SnapshotId_": 0
  }
]