[
  {
    "ProfileId": "70d20584-3252-4b5b-a6ed-26756db666b7",
    "ProfileName": "SuperAdministratorProfile",
    "Inapplicable_": [],
    "Associations_": [
      "CpProfileSetting",
      "SourcesUsesProfilesSetting",
      "DepositTracProfileSetting",
      "ExcelExportProfileSetting",
      "CreEaProfileSetting",
      "CreProfileSetting",
      "CovenantProfileSetting",
      "TermSheetProfileSetting",
      "DealStructuringProfileSetting",
      "BiDashboardProfileSetting",
      "MarqProfileSetting",
      "MapProfileSetting",
      "RiskGradingProfileSetting",
      "ClimateEsgProfileSetting",
      "BenchmarkProfileSetting",
      "SaProfileSetting",
      "FinancialProfileSetting",
      "ApacProfileSetting",
      "EntityProfileSetting",
      "GeneralProfileSetting",
      "WorkflowProfileSetting",
      "ConfigProfileSetting",
      "AdminProfileSetting"
    ],
    "WFId_": "00000000-0000-0000-0000-000000000000",
    "TaskId_": "00000000-0000-0000-0000-000000000000",
    "VersionId_": 3,
    "BaseVersionId_": 3,
    "IsLatestVersion_": true,
    "IsDeleted_": false,
    "StatusId_": 1,
    "CreatedBy_": "admin",
    "CreatedDate_": "2025-06-16T18:07:16.15177Z",
    "UpdatedBy_": "admin",
    "UpdatedDate_": "2025-06-24T18:50:04.884023Z",
    "t_": "FunctionalProfileSetting",
    "ContextUserId_": "admin",
    "IsValid_": true,
    "IsVisible_": true,
    "SnapshotId_": 0
  }
]