[
  {
    "RiskGradingProfileSettingId": "c871f255-0d35-4c0e-bf18-32aa15b6fc1c",
    "ApproveRating": true,
    "AutoApprove": true,
    "CanAddCreditBureauReport": true,
    "CanCreateRatingReport": true,
    "CanDeleteCbReportHistory": true,
    "Cascade": true,
    "FunctionalProfileSettingId": "70d20584-3252-4b5b-a6ed-26756db666b7",
    "HistoricalRating": true,
    "LegacyResourceAccess": true,
    "ModelStructure": true,
    "Override": true,
    "RejectOverride": true,
    "RiskGradingModuleAccess": true,
    "SetDefaultFlag": true,
    "ValidPeerLandLurl": true,
    "ValidRcLandLurl": true,
    "OnPeerLaunch": true,
    "Inapplicable_": [],
    "WFId_": "00000000-0000-0000-0000-000000000000",
    "TaskId_": "00000000-0000-0000-0000-000000000000",
    "VersionId_": 3,
    "BaseVersionId_": 3,
    "IsLatestVersion_": true,
    "IsDeleted_": false,
    "StatusId_": 1,
    "CreatedBy_": "admin",
    "CreatedDate_": "2025-06-16T18:07:16.15177Z",
    "UpdatedBy_": "admin",
    "UpdatedDate_": "2025-06-24T18:50:05.352936Z",
    "t_": "RiskGradingProfileSetting",
    "ContextUserId_": "admin",
    "IsValid_": true,
    "IsVisible_": true,
    "SnapshotId_": 0
  }
]