[
  {
    "SaProfileSettingId": "5deefef2-f4c9-4b7f-b921-e6c8bc85fdd8",
    "FunctionalProfileSettingId": "70d20584-3252-4b5b-a6ed-26756db666b7",
    "SaModuleAccess": true,
    "UploadDocument": true,
    "ReviewDocument": true,
    "DeleteDocument": true,
    "ResubmitDocument": true,
    "ImportDocument": true,
    "Inapplicable_": [],
    "WFId_": "00000000-0000-0000-0000-000000000000",
    "TaskId_": "00000000-0000-0000-0000-000000000000",
    "VersionId_": 3,
    "BaseVersionId_": 3,
    "IsLatestVersion_": true,
    "IsDeleted_": false,
    "StatusId_": 1,
    "CreatedBy_": "admin",
    "CreatedDate_": "2025-06-16T18:07:16.15177Z",
    "UpdatedBy_": "admin",
    "UpdatedDate_": "2025-06-24T18:50:05.477784Z",
    "t_": "SaProfileSetting",
    "ContextUserId_": "admin",
    "IsValid_": true,
    "IsVisible_": true,
    "SnapshotId_": 0
  }
]