[
  {
    "Type": "FINANCIALCSVENTITYMAPPING",
    "IdInt": 1045008559,
    "Id": "BUSINESS_PFL",
    "TargetAttribute": "BusinessPortfolio",
    "SourceAttribute": "Cartera comercial",
    "DefaultValue": null,
    "Inapplicable_": [],
    "IsDeleted_": false,
    "StatusId_": 1,
    "t_": "FinancialCsvEntityMapping"
  },
  {
    "Type": "FINANCIALCSVENTITYMAPPING",
    "IdInt": 1058032890,
    "Id": "CREDIT_PFL",
    "TargetAttribute": "CreditPortfolio",
    "SourceAttribute": "Cartera de credito",
    "DefaultValue": null,
    "Inapplicable_": [],
    "IsDeleted_": false,
    "StatusId_": 1,
    "t_": "FinancialCsvEntityMapping"
  },
  {
    "Type": "FINANCIALCSVENTITYMAPPING",
    "IdInt": 1208985269,
    "Id": "DIVISION",
    "TargetAttribute": "Division",
    "SourceAttribute": "Tipo de empresa",
    "DefaultValue": null,
    "Inapplicable_": [],
    "IsDeleted_": false,
    "StatusId_": 1,
    "t_": "FinancialCsvEntityMapping"
  },
  {
    "Type": "FINANCIALCSVENTITYMAPPING",
    "IdInt": 2121657278,
    "Id": "ENTITY_TYPE",
    "TargetAttribute": "EntityType",
    "SourceAttribute": "Tipo de entidad",
    "DefaultValue": null,
    "Inapplicable_": [],
    "IsDeleted_": false,
    "StatusId_": 1,
    "t_": "FinancialCsvEntityMapping"
  },
  {
    "Type": "FINANCIALCSVENTITYMAPPING",
    "IdInt": 1813558121,
    "Id": "LEGAL_ENTITY_ID",
    "TargetAttribute": "LegalEntity",
    "SourceAttribute": "Numero de linea",
    "DefaultValue": null,
    "Inapplicable_": [],
    "IsDeleted_": false,
    "StatusId_": 1,
    "t_": "FinancialCsvEntityMapping"
  },
  {
    "Type": "FINANCIALCSVENTITYMAPPING",
    "IdInt": 1044182786,
    "Id": "LONG_NAME",
    "TargetAttribute": "LongName",
    "SourceAttribute": "Nombre largo",
    "DefaultValue": null,
    "Inapplicable_": [],
    "IsDeleted_": false,
    "StatusId_": 1,
    "t_": "FinancialCsvEntityMapping"
  },
  {
    "Type": "FINANCIALCSVENTITYMAPPING",
    "IdInt": 110287164,
    "Id": "PRIMARY_BANKING_OFFICER",
    "TargetAttribute": "PrimaryBankingOfficer",
    "SourceAttribute": "Responsable de estructuracion",
    "DefaultValue": null,
    "Inapplicable_": [],
    "IsDeleted_": false,
    "StatusId_": 1,
    "t_": "FinancialCsvEntityMapping"
  },
  {
    "Type": "FINANCIALCSVENTITYMAPPING",
    "IdInt": 235775199,
    "Id": "PRIMARY_CREDIT_OFFICER",
    "TargetAttribute": "PrimaryCreditOfficer",
    "SourceAttribute": "Responsable de analisis",
    "DefaultValue": null,
    "Inapplicable_": [],
    "IsDeleted_": false,
    "StatusId_": 1,
    "t_": "FinancialCsvEntityMapping"
  },
  {
    "Type": "FINANCIALCSVENTITYMAPPING",
    "IdInt": 86793566,
    "Id": "PROGRAMA_FONDEO_ESPECIAL",
    "TargetAttribute": "CtmProgramaFondeoEspecial",
    "SourceAttribute": "Programa / fondeo especial",
    "DefaultValue": null,
    "Inapplicable_": [],
    "IsDeleted_": false,
    "StatusId_": 1,
    "t_": "FinancialCsvEntityMapping"
  },
  {
    "Type": "FINANCIALCSVENTITYMAPPING",
    "IdInt": 148899618,
    "Id": "REGION",
    "TargetAttribute": "CtmRegion",
    "SourceAttribute": "Region",
    "DefaultValue": null,
    "Inapplicable_": [],
    "IsDeleted_": false,
    "StatusId_": 1,
    "t_": "FinancialCsvEntityMapping"
  },
  {
    "Type": "FINANCIALCSVENTITYMAPPING",
    "IdInt": 833120027,
    "Id": "TAX_ID",
    "TargetAttribute": "TaxId",
    "SourceAttribute": "Registro federal de contribuyentes",
    "DefaultValue": null,
    "Inapplicable_": [],
    "IsDeleted_": false,
    "StatusId_": 1,
    "t_": "FinancialCsvEntityMapping"
  }
]