[
  {
    "Type": "DATAEXTRACTTABLESETTING",
    "KeyInt": null,
    "Table": "factentity",
    "ExtractTableName": "factentity",
    "LastExtract": "2025-07-04T20:32:48.3249684Z",
    "Incremental": null,
    "Current": null,
    "Historical": true,
    "ApplyFieldHardReturn": null,
    "CsvFieldLayout": null,
    "ExtractCategory": "STANDARD",
    "Inapplicable_": [],
    "IsDeleted_": false,
    "StatusId_": 1,
    "t_": "DataExtractTableSetting"
  },
  {
    "Type": "DATAEXTRACTTABLESETTING",
    "KeyInt": 7,
    "Table": "factuphiststmtfinancial",
    "ExtractTableName": "factuphiststmtfinancial",
    "LastExtract": "2025-07-04T20:32:48.3249684Z",
    "Incremental": true,
    "Current": null,
    "Historical": true,
    "ApplyFieldHardReturn": null,
    "CsvFieldLayout": null,
    "ExtractCategory": "STANDARD",
    "Inapplicable_": [],
    "IsDeleted_": false,
    "StatusId_": 1,
    "t_": "DataExtractTableSetting"
  },
  {
    "Type": "DATAEXTRACTTABLESETTING",
    "KeyInt": 12,
    "Table": "factuphiststmtfinancialmmas",
    "ExtractTableName": "factuphiststmtfinancialmmas",
    "LastExtract": "2025-07-04T20:32:48.3249684Z",
    "Incremental": true,
    "Current": null,
    "Historical": true,
    "ApplyFieldHardReturn": null,
    "CsvFieldLayout": null,
    "ExtractCategory": "STANDARD",
    "Inapplicable_": [],
    "IsDeleted_": false,
    "StatusId_": 1,
    "t_": "DataExtractTableSetting"
  },
  {
    "Type": "DATAEXTRACTTABLESETTING",
    "KeyInt": null,
    "Table": "standardfactnoiratio",
    "ExtractTableName": "factnoiratio",
    "LastExtract": "2025-07-04T20:32:48.3249684Z",
    "Incremental": true,
    "Current": null,
    "Historical": true,
    "ApplyFieldHardReturn": null,
    "CsvFieldLayout": null,
    "ExtractCategory": "STANDARD",
    "Inapplicable_": [],
    "IsDeleted_": false,
    "StatusId_": 1,
    "t_": "DataExtractTableSetting"
  },
  {
    "Type": "DATAEXTRACTTABLESETTING",
    "KeyInt": null,
    "Table": "standardfactnoiresult",
    "ExtractTableName": "factnoiresult",
    "LastExtract": "2025-07-04T20:32:48.3249684Z",
    "Incremental": true,
    "Current": null,
    "Historical": true,
    "ApplyFieldHardReturn": null,
    "CsvFieldLayout": null,
    "ExtractCategory": "STANDARD",
    "Inapplicable_": [],
    "IsDeleted_": false,
    "StatusId_": 1,
    "t_": "DataExtractTableSetting"
  }
]