[
  {
    "AdminRgProfileSettingId": "a7d8638e-e7c6-45aa-934b-68dff699b6b8",
    "AdminProfileSettingId": "dd4e4bf1-067f-4c05-a570-e84ba4e9030e",
    "BatchModelAssignment": true,
    "BatchRating": true,
    "EditPeerAnalysisServiceInfo": true,
    "EditRiskCalcLoginInfo": true,
    "ManageRiskCalcModels": true,
    "RiskCalcModelAssign": true,
    "RiskGradingSystemSettings": true,
    "ClimateRiskSystemSettings": null,
    "CreditBureauSettings": true,
    "CreditBureauActivityLog": true,
    "ShowCeTabs": true,
    "Inapplicable_": [],
    "WFId_": "00000000-0000-0000-0000-000000000000",
    "TaskId_": "00000000-0000-0000-0000-000000000000",
    "VersionId_": 2,
    "BaseVersionId_": 1,
    "IsLatestVersion_": true,
    "IsDeleted_": false,
    "StatusId_": 1,
    "CreatedBy_": "admin",
    "CreatedDate_": "2025-06-16T18:07:16.15177Z",
    "UpdatedBy_": "admin",
    "UpdatedDate_": "2025-06-16T18:43:05.96471Z",
    "t_": "AdminRgProfileSetting",
    "ContextUserId_": "admin",
    "IsValid_": true,
    "IsVisible_": true,
    "SnapshotId_": 0
  }
]