[
  {
    "ApacSystemSettingId": "d0ace547-5ddd-47c5-8f31-f6203dffece3",
    "ProposalSearchType": "STANDARD",
    "SendCallReportInvite": null,
    "SystemSettingId": "14700269-cb8b-462e-ae1d-16816ffa19f7",
    "EmailAttachmentLimit": null,
    "Inapplicable_": [],
    "WFId_": "00000000-0000-0000-0000-000000000000",
    "TaskId_": "00000000-0000-0000-0000-000000000000",
    "VersionId_": 2,
    "BaseVersionId_": 1,
    "IsLatestVersion_": true,
    "IsDeleted_": false,
    "StatusId_": 1,
    "CreatedBy_": "admin",
    "CreatedDate_": "2025-06-16T18:07:16.15177Z",
    "UpdatedBy_": "admin",
    "UpdatedDate_": "2025-06-16T18:43:07.340269Z",
    "t_": "ApacSystemSetting",
    "ContextUserId_": "admin",
    "IsValid_": true,
    "IsVisible_": true,
    "SnapshotId_": 0
  }
]