[
  {
    "DmsSystemSettingId": "3dc598f5-7945-414d-9f9b-d974fbfe1073",
    "SourceDatabaseProvider": null,
    "SystemSettingId": "14700269-cb8b-462e-ae1d-16816ffa19f7",
    "EnableEmailNotification": null,
    "EmailRecipients": null,
    "Inapplicable_": [],
    "WFId_": "00000000-0000-0000-0000-000000000000",
    "TaskId_": "00000000-0000-0000-0000-000000000000",
    "VersionId_": 1,
    "BaseVersionId_": 0,
    "IsLatestVersion_": true,
    "IsDeleted_": false,
    "StatusId_": 1,
    "CreatedBy_": "admin",
    "CreatedDate_": "2025-05-12T20:22:17.557004Z",
    "UpdatedBy_": "admin",
    "UpdatedDate_": "2025-06-16T18:43:07.105888Z",
    "t_": "DmsSystemSetting",
    "ContextUserId_": "admin",
    "IsValid_": true,
    "IsVisible_": true,
    "SnapshotId_": 0
  }
]