[
  {
    "EdfxSystemSettingId": "c3435f10-3af6-44aa-b25d-a7a7eb9c1853",
    "EdfxEnableMoodysSso": false,
    "EdfxSettingUrl": "https://qa-api.models.moodysanalytics.net/entity/v1",
    "GetDataUrl": "https://qa-api.models.moodysanalytics.net/entity/v1/data/edfx",
    "SystemSettingId": "14700269-cb8b-462e-ae1d-16816ffa19f7",
    "UploadFinancialsUrl": "https://qa-api.models.moodysanalytics.net/entity/v1/input/edfx",
    "EdfxPrimaryEdfMode": "FSO",
    "Inapplicable_": [],
    "WFId_": "00000000-0000-0000-0000-000000000000",
    "TaskId_": "00000000-0000-0000-0000-000000000000",
    "VersionId_": 2,
    "BaseVersionId_": 1,
    "IsLatestVersion_": true,
    "IsDeleted_": false,
    "StatusId_": 1,
    "CreatedBy_": "admin",
    "CreatedDate_": "2025-06-16T18:07:16.15177Z",
    "UpdatedBy_": "admin",
    "UpdatedDate_": "2025-06-16T18:43:06.918437Z",
    "t_": "EdfxSystemSetting",
    "ContextUserId_": "admin",
    "IsValid_": true,
    "IsVisible_": true,
    "SnapshotId_": 0
  }
]