[
  {
    "SystemSettingId": "14700269-cb8b-462e-ae1d-16816ffa19f7",
    "AllowSaveOnConflict": false,
    "Antivirusware": null,
    "AutoPublishModule": null,
    "BatchFaUserId": "batchfinancialanalysisuser",
    "BatchRatingUserId": "batchratinguser",
    "BatchUserId": "internalbatchuser",
    "CmisRepositoryId": null,
    "CmisRepositoryRoot": null,
    "CmisRepositoryUrl": null,
    "CmisRepositoryUser": null,
    "CmisRepositoryVersionSupported": null,
    "CorsHeaders": "",
    "CorsMethods": "",
    "CorsOrigin": "",
    "CreateNewVersionTimeSpan": "00:00:00:00",
    "DataExtractFieldDelimiter": ",",
    "DataExtractFieldHardReturn": "",
    "DataExtractHardReturn": "",
    "DocImgPreviewHeight": 396,
    "DocImgPreviewWidth": 306,
    "DocumentCacheCleanTimeSpan": "05:00:00:00",
    "DocumentFileSizeLimitInMb": 100,
    "EhelpUrl": "https://information.moodysanalytics.com?os_username=xq8mpwge78erqm2h&os_password=YT3turcAm4zvqc7U",
    "EmailFrom": "noreply@creditlens.moodysanalytics.com",
    "EmailSmtpPort": null,
    "EmailSmtpServer": "aor-rlnetw0100.maregroot.com",
    "SmtpCredentialUser": null,
    "SmtpCredentialPassword": null,
    "EnableAnalyticsTracking": false,
    "EnableCacheGrid": false,
    "EnableContextReportMenu": true,
    "EnableEntityHieExpoCalcInCache": null,
    "EnableGroupAggregationCalc": true,
    "EnableManagerHierarchy": false,
    "FileScanServerUrl": null,
    "GacRetrytimes": 5,
    "GacTimeout": 500,
    "IncludedInTenantPromotion": [
      "OrgMacro"
    ],
    "JobExcludeNotification": "Update Portfolio Group\nPurge Data\nETL Jobs\nBatch FA Group\nSA Jobs\nBatch Rating Group\nArchive Data Job",
    "JobExclusiveRun": "BI ETL Job\nReporting Database Time Series Job\nArchive Data Job\nPurge Data Job\nData Extract Job\nCustom Data Extraction Job\nCMM Input Batch Extract",
    "JobFailedRetry": true,
    "JobSchedulerHostName": "",
    "JobVetoedRetry": true,
    "KeepHistoryDataInMonths": "2 months",
    "Language": "en",
    "LockAccessDisabled": true,
    "MaintenanceBannerNumberOfDays": null,
    "MaintenanceEndTime": null,
    "MaintenanceStartTime": null,
    "ManagerHierarchyLevel": 0,
    "MaxRows": 6000,
    "MoodysJWT": null,
    "PasswordChangeFirstLogin": null,
    "PasswordChangeNextLogin": null,
    "PasswordEnforceExpiration": true,
    "PasswordEnforceLength": true,
    "PasswordExpirationDays": 90,
    "PasswordExprMaxDaysDefault": 90,
    "PasswordExprMinDaysDefault": 30,
    "PasswordHistorySize": 10,
    "PasswordHistorySizeMax": 20,
    "PasswordHistorySizeMin": 10,
    "PasswordLimitInvalidAttempt": true,
    "PasswordLockoutThreshold": 5,
    "PasswordLockoutThresholdMax": 5,
    "PasswordLockoutThresholdMin": 3,
    "PasswordMaxLength": 64,
    "PasswordMaxLengthDefault": 64,
    "PasswordMinLength": 8,
    "PasswordMinLengthDefault": 8,
    "PasswordOverrideMaxLength": null,
    "PasswordPreventRecentPwUse": true,
    "PasswordRequireLower": true,
    "PasswordRequireNumeric": true,
    "PasswordRequireSpecialChar": true,
    "PasswordRequireUpper": true,
    "PasswordSameAsUserIdNotAllowed": true,
    "PromoteTargetUrl": null,
    "ProxyAddress": null,
    "ProxyAddressPort": null,
    "ProxyByPass": null,
    "ProxySetting": "<ProxySettings><server address=\"\" port=\"\"/><credentials username=\"\" password=\"\" domain=\"\"/></ProxySettings>",
    "Region": "en-US",
    "ReportCacheExpiration": 120,
    "RestrictedRecordFallbackAccess": "0",
    "RichTextFontFamily": "ARIAL",
    "RichTextFontSize": null,
    "RichTextImageMaxHeight": 700,
    "RichTextImageMaxWidth": 600,
    "RichTextPreviewWidth": 620,
    "SearchResultsAccordionDefaultCollapse": true,
    "SendJobStatusEmailOnlyOnFailure": true,
    "SessionTimeout": 30,
    "SessionWarning": null,
    "SpreadingGuideBaseUrl": "https://help.creditlens.moodysanalytics.com/2521/",
    "UserIdForJobEmailNotification": null,
    "UtcOffset": null,
    "ValidatePassword": true,
    "WorkflowChangeSummary": null,
    "WorkflowEmails": false,
    "WorkflowEnsureContext": null,
    "WorkflowHideProcessVariables": true,
    "WorkflowSlaCutOffHour": 17,
    "WorkflowWarningDueDaysAway": 7,
    "CheckListDueInDays": 20,
    "AbleHostName": null,
    "FallbackToLegacyEditor": null,
    "AttachmentSizeLimit": 20,
    "Inapplicable_": [],
    "Associations_": [
      "ReisSystemSetting",
      "CpSystemSetting",
      "CreSystemSetting",
      "CovenantSystemSetting",
      "DealStructuringAdvSystemSetting",
      "MarqSystemSetting",
      "EdfxSystemSetting",
      "MapSystemSetting",
      "RiskGradingSystemSetting",
      "EsgScorePredictorSystemSetting",
      "DmsSystemSetting",
      "BmkSystemSetting",
      "SaSystemSetting",
      "FinancialSystemSetting",
      "BvdSystemSetting",
      "ApacSystemSetting",
      "EntitySystemSetting",
      "SalesforceSystemSetting",
      "AuthenticationSetting",
      "DefaultSystemSetting",
      "BiSystemSetting"
    ],
    "WFId_": "00000000-0000-0000-0000-000000000000",
    "TaskId_": "00000000-0000-0000-0000-000000000000",
    "VersionId_": 3,
    "BaseVersionId_": 10,
    "IsLatestVersion_": true,
    "IsDeleted_": false,
    "StatusId_": 1,
    "CreatedBy_": "admin",
    "CreatedDate_": "2025-06-16T18:07:16.15177Z",
    "UpdatedBy_": "admin",
    "UpdatedDate_": "2025-06-16T18:43:06.527761Z",
    "t_": "SystemSetting",
    "ContextUserId_": "admin",
    "IsValid_": true,
    "IsVisible_": true,
    "SnapshotId_": 0
  }
]